run_id,model_id,sample_id,audio_path,reference_text,hypothesis_text,duration_sec,latency_sec,rtf,peak_memory_mb,mean_confidence,wer,cer,token_precision,token_recall,token_f1,exact_match,reference_token_count,hypothesis_token_count
20260526_205419_merged4,hf:jonatasgrosman/wav2vec2-large-xlsr-53-russian,person10__carl,C:\Users\ankap\OneDrive\Desktop\asr_project\data\raw\person10\carl.wav,"Карл у Клары украл кораллы, а Клара у Карла украла кларнет.",карл уклары украл коралы аклара у карла украла корнет  блецька кларнет,6.6535,1.9079902999801561,0.28676490568575275,2.037747383117676,,0.6363636363636364,0.2978723404255319,0.5454545454545454,0.5454545454545454,0.5454545454545454,0.0,11,11
20260526_205419_merged4,hf:jonatasgrosman/wav2vec2-large-xlsr-53-russian,person10__salo,C:\Users\ankap\OneDrive\Desktop\asr_project\data\raw\person10\salo.wav,"Съел Слава сало, да сала Славе мало.",сел славо солену сало да стала славе мало,4.1735,1.3597099999897182,0.32579609440271196,1.280735969543457,,0.5714285714285714,0.32142857142857145,0.5,0.5714285714285714,0.5333333333333333,0.0,7,8
20260526_205419_merged4,hf:jonatasgrosman/wav2vec2-large-xlsr-53-russian,person10__sasha,C:\Users\ankap\OneDrive\Desktop\asr_project\data\raw\person10\sasha.wav,Шла Саша по шоссе и сосала сушку.,шла саша по шесе и сосала сушку,4.2935,1.3046019000466913,0.30385510656729736,1.3171024322509766,,0.14285714285714285,0.07692307692307693,0.8571428571428571,0.8571428571428571,0.8571428571428571,0.0,7,7
20260526_205419_merged4,hf:jonatasgrosman/wav2vec2-large-xlsr-53-russian,person10__shishkosushylnia,C:\Users\ankap\OneDrive\Desktop\asr_project\data\raw\person10\shishkosushylnia.wav,Шишкосушильщик в шишкосушильне шишки сушил.,на шишкосушильную фабрику требуется шишко сушильщик для работы на ше шишка сушильном аппарате шишко-сушильщик должен иметь опыт шишко сушения на шишка сушильном аппарате с использоем с использованием шишка сушильный технологии качественного шишка сушения он также должен отличать оппарат шишка сушения от не шишко сушения ремонтировать шишко сушительный аппарат  отличать шишки пригодные для шишка сушения отнегодных для шишко сушения отличать шишки недошишка сушенное от пере шишкосушенных за каждую недо шишкосушенную или перешишко сушенную шишку шишко сум щильщик получит шишко су шилкой погловен,58.6335,21.412298399955034,0.3651888152669555,17.900330543518066,,16.2,12.605263157894736,0.012195121951219513,0.2,0.02298850574712644,0.0,5,82
20260526_205419_merged4,hf:jonatasgrosman/wav2vec2-large-xlsr-53-russian,person10__skorogovorun,C:\Users\ankap\OneDrive\Desktop\asr_project\data\raw\person10\skorogovorun.wav,"Скороговорун скороговорил, выскороговаривал, что всех скороговорок не перескороговоришь, не перевыскороговоришь.",скороговорун скороговорил скоро выговаривал что всех скорогоборок не перескороговоришь не перескогвоваре перескоровыговариваешь  но заскооскороговорившись вы скороговорил что все скорогово руки перезка раговоришь да не перескоро выговариваешь,24.6935,7.6361417000880465,0.30923691255140207,7.542675971984863,,1.9,1.2323232323232323,0.2692307692307692,0.7,0.3888888888888889,0.0,10,26
20260526_205419_merged4,hf:jonatasgrosman/wav2vec2-large-xlsr-53-russian,person10__tri_kitajca,C:\Users\ankap\OneDrive\Desktop\asr_project\data\raw\person10\tri_kitajca.wav,"Жили-были три китайца: Як, Як-Цидрак, Як-Цидрак-Цидрак-Цидрони. Жили-были три китайки: Цыпа, Цыпа-Дрипа, Цыпа-Дрипа-Лимпомпони.",жили были три китайца як я к цедрок я кцедрок цедрок цедрони жили были три китайки ципа ципа-дрыпа ципа-дрыпа дрымпапони все они пережнились я к на ципе я к цедрок на ципи дрыпя я к цедрок цедрок -цедрони на ципе дрыпи дрымпомпони у них разила у ни хрыдились деси у яка с ципой шах у яка цедрака с ципы дрыпы шах шарах у яка цедрака цедрак цедрони сцыпы дрыпой дрымпампони шах шарах шарах широни,41.3535,13.391685500042513,0.32383439128592534,12.626812934875488,,3.1904761904761907,2.303030303030303,0.11842105263157894,0.42857142857142855,0.18556701030927836,0.0,21,76
20260526_205419_merged4,hf:jonatasgrosman/wav2vec2-large-xlsr-53-russian,person11__carl,C:\Users\ankap\OneDrive\Desktop\asr_project\data\raw\person11\carl.wav,"Карл у Клары украл кораллы, а Клара у Карла украла кларнет.",карлу клары у крал коралы аклару у карла украла кларнец,4.5135,1.5584500000113621,0.34528636313534117,1.3840456008911133,,0.6363636363636364,0.06382978723404255,0.5,0.45454545454545453,0.47619047619047616,0.0,11,10
20260526_205419_merged4,hf:jonatasgrosman/wav2vec2-large-xlsr-53-russian,person11__salo,C:\Users\ankap\OneDrive\Desktop\asr_project\data\raw\person11\salo.wav,"Съел Слава сало, да сала Славе мало.",съел славо солена сало до сала славе мало,3.7535,1.1296977000311017,0.30097181298284315,1.1520357131958008,,0.42857142857142855,0.25,0.625,0.7142857142857143,0.6666666666666666,0.0,7,8
20260526_205419_merged4,hf:jonatasgrosman/wav2vec2-large-xlsr-53-russian,person11__sasha,C:\Users\ankap\OneDrive\Desktop\asr_project\data\raw\person11\sasha.wav,Шла Саша по шоссе и сосала сушку.,шла саша по шесса и сосал ла сушку,2.8335,0.9277371000498533,0.3274173637020834,0.8711729049682617,,0.42857142857142855,0.11538461538461539,0.625,0.7142857142857143,0.6666666666666666,0.0,7,8
20260526_205419_merged4,hf:jonatasgrosman/wav2vec2-large-xlsr-53-russian,person11__tri_kitajca,C:\Users\ankap\OneDrive\Desktop\asr_project\data\raw\person11\tri_kitajca.wav,"Жили-были три китайца: Як, Як-Цидрак, Як-Цидрак-Цидрак-Цидрони. Жили-были три китайки: Цыпа, Цыпа-Дрипа, Цыпа-Дрипа-Лимпомпони.",жели были три китайца як цедрак як цедрак цедракцандрони жеребелитри китайки ципа ципо-дрыпа ципедрыпо дрефомонии все не переженились якна цепя як цедрах на цепедрыпя як цедрак цедрак цендрони наципе дрипо дрипомпони у них рдились дети у яка сципой шах у яка цедрака с цепой дрепой шах шарах у якать зе дракацедраконцедрони с ципой дрыпой дрипомпоний шах шарах шарах широни,27.9535,8.21683190006297,0.2939464432025675,8.537033081054688,,2.5714285714285716,2.3333333333333335,0.11666666666666667,0.3333333333333333,0.17283950617283952,0.0,21,60
20260526_205419_merged4,hf:jonatasgrosman/wav2vec2-large-xlsr-53-russian,person12__carl,C:\Users\ankap\OneDrive\Desktop\asr_project\data\raw\person12\carl.wav,"Карл у Клары украл кораллы, а Клара у Карла украла кларнет.",карлу клару кралкоралы клару карлу крала клорнет карло уклару крал коралы клару карлу крало клолне клорнет карлуклару кралкоралы кла ру карлу крала кларнет,11.6135,3.2768742999760434,0.2821607870130489,3.550503730773926,,2.0,1.8297872340425532,0.043478260869565216,0.09090909090909091,0.0588235294117647,0.0,11,23
20260526_205419_merged4,hf:jonatasgrosman/wav2vec2-large-xlsr-53-russian,person12__salo,C:\Users\ankap\OneDrive\Desktop\asr_project\data\raw\person12\salo.wav,"Съел Слава сало, да сала Славе мало.",съял слава сревны сал до сала слаби мало съел славо сревносала досала слави мало съел слава с иденно-сал до сла до сала слави мало,8.0535,2.487931999959983,0.30892556031042195,2.464024543762207,,3.0,2.8214285714285716,0.16,0.5714285714285714,0.25,0.0,7,25
20260526_205419_merged4,hf:jonatasgrosman/wav2vec2-large-xlsr-53-russian,person12__sasha,C:\Users\ankap\OneDrive\Desktop\asr_project\data\raw\person12\sasha.wav,Шла Саша по шоссе и сосала сушку.,шла саша па шоса и состала слушку ушла саша посашяяся сала сушку шла саша па шоса и состала сушку,6.9735,2.171867400058545,0.311445816312977,2.1342878341674805,,2.142857142857143,2.076923076923077,0.21052631578947367,0.5714285714285714,0.3076923076923077,0.0,7,19
20260526_205419_merged4,hf:jonatasgrosman/wav2vec2-large-xlsr-53-russian,person12__shishkosushylnia,C:\Users\ankap\OneDrive\Desktop\asr_project\data\raw\person12\shishkosushylnia.wav,Шишкосушильщик в шишкосушильне шишки сушил.,гдлянашишку сушельную фабрику требуется шикосушищая для работаны слишкосушельном паратическо сущите озаметь я опыту сушку ушушений на слишк сушеного паратия используя шишко сушения технология качесное шишка осушения он также должен оточаться парасышко сушания от нешешишкосушения ремонтиров тишкосушельня прат татчать шлишки пригодны дл сишк осужения однегу днадлешишь к осшения отчатшишки для недосунедошишко шсвышеные от пересушка свушенных закаждого недосушк недосишко ысушаннуго или перешишко-дошуствованную шишку шисткосушити пути шишка сошилкой по голове,26.8935,8.952843900071457,0.3328999163393183,8.213383674621582,,13.6,12.0,0.0,0.0,0.0,0.0,5,68
20260526_205419_merged4,hf:jonatasgrosman/wav2vec2-large-xlsr-53-russian,person12__skorogovorun,C:\Users\ankap\OneDrive\Desktop\asr_project\data\raw\person12\skorogovorun.wav,"Скороговорун скороговорил, выскороговаривал, что всех скороговорок не перескороговоришь, не перевыскороговоришь.",скороговорумвского говорил скоробойговарив что всескароковорок неперескогвориша не перезкаковариваечно заоговорившись вызко говорил что всескойговорки березкое говориш да не перескоговариваись,10.2135,2.936477900017053,0.2875094629673523,3.12294864654541,,1.5,0.9696969696969697,0.16666666666666666,0.3,0.21428571428571427,0.0,10,18
20260526_205419_merged4,hf:jonatasgrosman/wav2vec2-large-xlsr-53-russian,person12__tri_kitajca,C:\Users\ankap\OneDrive\Desktop\asr_project\data\raw\person12\tri_kitajca.wav,"Жили-были три китайца: Як, Як-Цидрак, Як-Цидрак-Цидрак-Цидрони. Жили-были три китайки: Цыпа, Цыпа-Дрипа, Цыпа-Дрипа-Лимпомпони.",жили были трикитайцы якие кцедраких тастрак цедронижелибые трокитаянки цыпацы подрыпотсы подрыбетыты помбонизеяне пережинили всехнадципияхцедрах наций педре пияцедракцетракцедровние наций педрипедремпабони нехрадилиздетия у яга циплой шаг у якоцедрака цыпы дрыпой шах шарах у яка цедракацедрако цедроницы подрыбы дрепомбони шах шарах шарах шидрони,19.6935,5.938567999983206,0.30154964836028164,6.016060829162598,,1.8095238095238095,2.3434343434343434,0.05,0.09523809523809523,0.0655737704918033,0.0,21,40
20260526_205419_merged4,hf:jonatasgrosman/wav2vec2-large-xlsr-53-russian,person1__carl,C:\Users\ankap\OneDrive\Desktop\asr_project\data\raw\person1\carl.wav,"Карл у Клары украл кораллы, а Клара у Карла украла кларнет.",карл уклары украла рикламу оклароо карлоукрала бюджет,4.0935,7.442705000052229,1.8181763771960984,35.42121982574463,,0.9090909090909091,0.3404255319148936,0.2857142857142857,0.18181818181818182,0.2222222222222222,0.0,11,7
20260526_205419_merged4,hf:jonatasgrosman/wav2vec2-large-xlsr-53-russian,person1__salo,C:\Users\ankap\OneDrive\Desktop\asr_project\data\raw\person1\salo.wav,"Съел Слава сало, да сала Славе мало.",сел флава солена сало досала славия мало,2.8335,1.3337178999790922,0.4706962766822277,0.8725404739379883,,0.8571428571428571,0.39285714285714285,0.2857142857142857,0.2857142857142857,0.2857142857142857,0.0,7,7
20260526_205419_merged4,hf:jonatasgrosman/wav2vec2-large-xlsr-53-russian,person1__sasha,C:\Users\ankap\OneDrive\Desktop\asr_project\data\raw\person1\sasha.wav,Шла Саша по шоссе и сосала сушку.,шла саши по шосей сосала сушку,2.4935,0.9294268999947235,0.3727398836954977,0.7686281204223633,,0.42857142857142855,0.11538461538461539,0.6666666666666666,0.5714285714285714,0.6153846153846153,0.0,7,6
20260526_205419_merged4,hf:jonatasgrosman/wav2vec2-large-xlsr-53-russian,person1__shiskosuszylnaja,C:\Users\ankap\OneDrive\Desktop\asr_project\data\raw\person1\shiskosuszylnaja.wav,Шишкосушильщик в шишкосушильне шишки сушил.,нашишку слушелную фабрику требуется шишкосушельщик для работы на шишкошошеньном аппарате шишкосушильщик долже наметил под шескошушенья да шишка сушельном аппаратис использованием шекосушельной технологий качественного слышка разрушения он также должен отличать опарат шишко сушения от нишишко сушения премонтировать шискошушленые аппараты отличать шишки пригодные для шишко шушения отнегодных для шишко сушения отличать шишки недошишкосушанные от перешишкосушанных на каждую недо шишко сушенную или перешишкосушенную шишку шиско шусыльчик получит шискосушилкой по голове,37.6135,15.38115310005378,0.40892639876783016,11.486234664916992,,13.0,12.263157894736842,0.029850746268656716,0.4,0.05555555555555556,0.0,5,67
20260526_205419_merged4,hf:jonatasgrosman/wav2vec2-large-xlsr-53-russian,person1__skorogovorun,C:\Users\ankap\OneDrive\Desktop\asr_project\data\raw\person1\skorogovorun.wav,"Скороговорун скороговорил, выскороговаривал, что всех скороговорок не перескороговоришь, не перевыскороговоришь.",скороговорунскоро говорил кровыговаривал что всехское роговорок непересково гаровариш не перескоровыговариваешь но заскореговорившись выскоро говорил что все скоро говорки пересковроговариваешь да не перескороговыговариваешь,14.2535,4.258152500027791,0.29874434349653,4.357234001159668,,1.9,1.1515151515151516,0.13636363636363635,0.3,0.18749999999999997,0.0,10,22
20260526_205419_merged4,hf:jonatasgrosman/wav2vec2-large-xlsr-53-russian,person1__tri_kitajca,C:\Users\ankap\OneDrive\Desktop\asr_project\data\raw\person1\tri_kitajca.wav,"Жили-были три китайца: Як, Як-Цидрак, Як-Цидрак-Цидрак-Цидрони. Жили-были три китайки: Цыпа, Цыпа-Дрипа, Цыпа-Дрипа-Лимпомпони.",жли бы литри китайца яг ягцедрак яг цедраг цедраг цедрони жыли были три китайки ципа цыподрепа цыпадрепо дремпомпони все они переженились тякнаципия як цедрак нацепедрыпе як цедраг цедраг цедрони нацепе дрепе дремпомпони и у них родились дети у яка сцепой шаф у якаться дракасцепой дрепой шах шарах у якацедра коцедрако цедрониццыпой дрыпой дремпомпони ш с шах шарах шарах широни,28.1735,9.8045998000307,0.34800787264737076,8.605181694030762,,2.619047619047619,2.3737373737373737,0.1016949152542373,0.2857142857142857,0.15000000000000002,0.0,21,59
20260526_205419_merged4,hf:jonatasgrosman/wav2vec2-large-xlsr-53-russian,person2__carl,C:\Users\ankap\OneDrive\Desktop\asr_project\data\raw\person2\carl.wav,"Карл у Клары украл кораллы, а Клара у Карла украла кларнет.",корыл кары крал корала оклароу карлу украл колнет,3.2535,1.2719612000510097,0.3909516520826832,0.998896598815918,,1.0,0.2978723404255319,0.125,0.09090909090909091,0.10526315789473685,0.0,11,8
20260526_205419_merged4,hf:jonatasgrosman/wav2vec2-large-xlsr-53-russian,person2__person3,C:\Users\ankap\OneDrive\Desktop\asr_project\data\raw\person2\person3.wav,"Сборная запись: может содержать несколько скороговорок (например, «Карл у Клары…», «Шла Саша…», «Три китайца…»).",швасаша пашесая со сава сышку кароу кваро у кралокараву аквароо карвуу крало кворнет  сжили булет рекитаться я к цедрактыя ак едрак цедрак цедрония жаре болитокитаке цыпа цпыдрыпацыпы дрыпо дрымпомпония вся не пережнились акнацепия ях цедракноцыпедрыпия як едрах цдра цедронницы педрепедрымпомпони и у них разилидецы по якасы по шаху я кас цедрака цып дрыпый шаг шараху яка цедрака цедрака цедрониц пы дрыпыдремблопони шаг шара шара широне нашешкосушиленая фабрику требуется шишкосушищек для работы на шшкосушином апрате кошешкосушещик должен иметь об ошишкосушения нашкосушельном апароцес использоваем шишкосушельное технология качественного шушкосушения он также должен тленчаться пора шешко сушения нешешко сушения ромонтироватшешкасушаленоя опаратаотличать шишки я пригодны для шишкосушении от негодных длякосушания дчашешке недошишкосушанны от перешишкосушенных за каждоуо не дошишкосушану или переше пере шишкосушанношки шишку шишкосушедщик получить шишкосушилко поголове  сел славо слену сава до сава свое мало  скорговорунскоро говорил скоровоговаривал что всех скороговорак непереско неперескор говоришь не перескаравыговариваешь но заско говорившись выско говорил что всескороговорки переско говоришь да не перескоровыговариваешь какая худе тавлять,83.4135,38.61663679999765,0.46295427958301294,25.46174144744873,,11.071428571428571,12.397590361445783,0.00641025641025641,0.07142857142857142,0.01176470588235294,0.0,14,156
20260526_205419_merged4,hf:jonatasgrosman/wav2vec2-large-xlsr-53-russian,person2__salo,C:\Users\ankap\OneDrive\Desktop\asr_project\data\raw\person2\salo.wav,"Съел Слава сало, да сала Славе мало.",сел славо солину сало до сало славем мало,2.9335,1.1613295000279322,0.39588529061801,0.9011716842651367,,0.8571428571428571,0.39285714285714285,0.25,0.2857142857142857,0.26666666666666666,0.0,7,8
20260526_205419_merged4,hf:jonatasgrosman/wav2vec2-large-xlsr-53-russian,person2__sasha,C:\Users\ankap\OneDrive\Desktop\asr_project\data\raw\person2\sasha.wav,Шла Саша по шоссе и сосала сушку.,шла сажа по шосе и состала сушку,2.4735,1.0956768000032753,0.4429661613112089,0.7607746124267578,,0.42857142857142855,0.11538461538461539,0.5714285714285714,0.5714285714285714,0.5714285714285714,0.0,7,7
20260526_205419_merged4,hf:jonatasgrosman/wav2vec2-large-xlsr-53-russian,person2__shyskosushenieje,C:\Users\ankap\OneDrive\Desktop\asr_project\data\raw\person2\shyskosushenieje.wav,Шишкосушильщик в шишкосушильне шишки сушил.,на шишкосушельную фабрику трбуется шишкосушильщик для работы наксушельном аппарате шишкосушелищик должен иметь опыт шишкосушение на шишкосушельом аппараси пользованием шишкосушеные технологии качественного шишкосушение он также должен отличать апарадшишкосушения от нишишкосушения ремонтировать шшкосушельный аппарат отличать шишки пригодной для шишкосушения от негодных для шишкосушения отличать шишки недошишко сушанные от перешишкосушеных за каждую недошишкосушенную или перьшишкосрушенную шишку шишкосушильщик получаят шкосушилкой по голове,32.8735,10.575129800010473,0.32169163003667006,10.038064002990723,,11.2,11.81578947368421,0.034482758620689655,0.4,0.06349206349206349,0.0,5,58
20260526_205419_merged4,hf:jonatasgrosman/wav2vec2-large-xlsr-53-russian,person2__skorogovorun,C:\Users\ankap\OneDrive\Desktop\asr_project\data\raw\person2\skorogovorun.wav,"Скороговорун скороговорил, выскороговаривал, что всех скороговорок не перескороговоришь, не перевыскороговоришь.",скореговорунскоро говорил скоро выговаривал что всех скороговорок не перескоговоришь ни пересковоговариваешь но заскороговорившись в ыскороговорило что все скороговорки перезкоговоришь да не перезко воговариваешь,11.4535,4.330964500084519,0.378134587688001,3.501286506652832,,1.8,1.02020202020202,0.21739130434782608,0.5,0.30303030303030304,0.0,10,23
20260526_205419_merged4,hf:jonatasgrosman/wav2vec2-large-xlsr-53-russian,person2__tri_kitajca,C:\Users\ankap\OneDrive\Desktop\asr_project\data\raw\person2\tri_kitajca.wav,"Жили-были три китайца: Як, Як-Цидрак, Як-Цидрак-Цидрак-Цидрони. Жили-были три китайки: Цыпа, Цыпа-Дрипа, Цыпа-Дрипа-Лимпомпони.",жилюбы ли три китаецы яг я к цедраг як цедрак цедрак цедрони жели были три китайки цыпа ципа дрыпаципа дрыпа трампапоне все они переженились все к наципь як цедрак на цыпи дрыпе я к цедрак цедрак цедроний на ципе трыпидрымпампони и у них родились дети у яка с цыпы и шах у яка цедрака с цыпы дрып и шах шарах у яка цедрака цедрак и цедрони сыпы дрыпы дрымпомпони шах шарах шарах широни,25.0535,7.345811500097625,0.2932050013011206,7.6515703201293945,,3.1904761904761907,2.2626262626262625,0.0958904109589041,0.3333333333333333,0.14893617021276595,0.0,21,73
20260526_205419_merged4,hf:jonatasgrosman/wav2vec2-large-xlsr-53-russian,person3__carl,C:\Users\ankap\OneDrive\Desktop\asr_project\data\raw\person3\carl.wav,"Карл у Клары украл кораллы, а Клара у Карла украла кларнет.",харуу квара украла каравы акваро у карву у кралокворнет,3.37,1.004261700087227,0.29800050447692195,1.0343904495239258,,0.9090909090909091,0.3191489361702128,0.3333333333333333,0.2727272727272727,0.3,0.0,11,9
20260526_205419_merged4,hf:jonatasgrosman/wav2vec2-large-xlsr-53-russian,person3__salo,C:\Users\ankap\OneDrive\Desktop\asr_project\data\raw\person3\salo.wav,"Съел Слава сало, да сала Славе мало.",сел славо слены-сало до сава своя мама,2.89,0.8913357000565156,0.30842065745900193,0.8879022598266602,,1.0,0.5357142857142857,0.125,0.14285714285714285,0.13333333333333333,0.0,7,8
20260526_205419_merged4,hf:jonatasgrosman/wav2vec2-large-xlsr-53-russian,person3__sasha,C:\Users\ankap\OneDrive\Desktop\asr_project\data\raw\person3\sasha.wav,Шла Саша по шоссе и сосала сушку.,шла саша пашесая сасава сышку,2.22,0.7751187999965623,0.34915261261106406,0.6833906173706055,,0.7142857142857143,0.3076923076923077,0.4,0.2857142857142857,0.3333333333333333,0.0,7,5
20260526_205419_merged4,hf:jonatasgrosman/wav2vec2-large-xlsr-53-russian,person3__shishkosushylnia.wav,C:\Users\ankap\OneDrive\Desktop\asr_project\data\raw\person3\shishkosushylnia.wav.wav,Шишкосушильщик в шишкосушильне шишки сушил.,нашшкосушильная фабрика требуется шишкосушищек для работы на шшкосушилном апарате кошешкосушелщик должен иметь об шешкосушения на шкосушельном аппарацес использоваем шишкосушельно технология качественного шушко сушания он также должен тлинчаться пора ошешко сушения  несколко сушения рамонтироват шешкосушальный аппарата отличать шишки я пригодны для шишкосушения от негодных длякосушания для шашешке недошешкосушанные от перешишкосушенных за каждогу недошишкосушану или переш пере шишкосушанно жки шишку шишкосушелщик получит шишкосушилка поголаве,34.26,10.99149829999078,0.3208259865729942,10.461222648620605,,12.2,11.81578947368421,0.016129032258064516,0.2,0.029850746268656716,0.0,5,62
20260526_205419_merged4,hf:jonatasgrosman/wav2vec2-large-xlsr-53-russian,person3__skorogovorun,C:\Users\ankap\OneDrive\Desktop\asr_project\data\raw\person3\skorogovorun.wav,"Скороговорун скороговорил, выскороговаривал, что всех скороговорок не перескороговоришь, не перевыскороговоришь.",скорговорунскоро говорил скоровоговаривал что всех скороговорок не перескоро не перескороговоришь не переска равыговариваешь но заскоговорившись выскокговорил что все скороговорки переско говоришь да не перескоровыговариваешь,15.07,4.314560199971311,0.286301274052509,4.60494327545166,,1.8,1.101010101010101,0.25,0.6,0.35294117647058826,0.0,10,24
20260526_205419_merged4,hf:jonatasgrosman/wav2vec2-large-xlsr-53-russian,person3__tri_kitajca,C:\Users\ankap\OneDrive\Desktop\asr_project\data\raw\person3\tri_kitajca.wav,"Жили-были три китайца: Як, Як-Цидрак, Як-Цидрак-Цидрак-Цидрони. Жили-были три китайки: Цыпа, Цыпа-Дрипа, Цыпа-Дрипа-Лимпомпони.",жили были трекитальцы як содракты я ак цедрак цедрак цедронии жаре были трекетаки цыпацы подрыпацы пы дрыпо дремпомпонии все не пережнились ак нацыпияо ях содрахноцепедрипия ях цедрах цедрах цедроницы педрепедримпомпони и у нихразились деце в якассы пе шаху якас-цедракоцыпы дрыпы шах шарах у яка цедрака цедракоцедронницы пы дрыпыдрембапони шаг шара шараширане,21.94,6.40749999997206,0.29204649042716774,6.701409339904785,,2.3333333333333335,2.3333333333333335,0.07692307692307693,0.19047619047619047,0.10958904109589042,0.0,21,52
20260526_205419_merged4,hf:jonatasgrosman/wav2vec2-large-xlsr-53-russian,person4__carl,C:\Users\ankap\OneDrive\Desktop\asr_project\data\raw\person4\carl.wav,"Карл у Клары украл кораллы, а Клара у Карла украла кларнет.",карл уклары украл коралы оквара у карла украла кларныт,4.3735,1.5064551000250503,0.3444506916714417,1.3405828475952148,,0.5454545454545454,0.0851063829787234,0.5555555555555556,0.45454545454545453,0.5,0.0,11,9
20260526_205419_merged4,hf:jonatasgrosman/wav2vec2-large-xlsr-53-russian,person4__salo,C:\Users\ankap\OneDrive\Desktop\asr_project\data\raw\person4\salo.wav,"Съел Слава сало, да сала Славе мало.",сел слава солену сало достало слабя мало,1.9535,0.7681973999133334,0.3932415663748827,0.6020135879516602,,0.7142857142857143,0.42857142857142855,0.42857142857142855,0.42857142857142855,0.42857142857142855,0.0,7,7
20260526_205419_merged4,hf:jonatasgrosman/wav2vec2-large-xlsr-53-russian,person4__sasha,C:\Users\ankap\OneDrive\Desktop\asr_project\data\raw\person4\sasha.wav,Шла Саша по шоссе и сосала сушку.,шла саша пошоса и сосала сушку,2.4735,0.81182629999239,0.3282095411329654,0.7607049942016602,,0.2857142857142857,0.07692307692307693,0.8333333333333334,0.7142857142857143,0.7692307692307692,0.0,7,6
20260526_205419_merged4,hf:jonatasgrosman/wav2vec2-large-xlsr-53-russian,person4__shishkosushylnia,C:\Users\ankap\OneDrive\Desktop\asr_project\data\raw\person4\shishkosushylnia.wav,Шишкосушильщик в шишкосушильне шишки сушил.,лашишка сушельнюю фабрику требуется шишко сушельще для работы на шишко сушельному аппаразе шишка сушильщик должен иметь опыт шишкосушення но шишко сушельном аппарате с использ шишко сушенной технологии качественною шишкосушения он также должен отличать о паратшишкосушений от нешишку сушения ремотировать шишко сушенный аппарат отличать шишки пригодное для шишка сушения от негодных для шишка ссушения отличат шишки недошишка сушонный от перешишкасушенных за каждую недо шишка расскушенну или перешишка сушенную шишку  шишкошильщик получит  шишка сушилкой поголовен,38.8135,12.998378499993123,0.3348932330244148,11.850789070129395,,14.4,11.921052631578947,0.0136986301369863,0.2,0.02564102564102564,0.0,5,73
20260526_205419_merged4,hf:jonatasgrosman/wav2vec2-large-xlsr-53-russian,person4__skorogovorun,C:\Users\ankap\OneDrive\Desktop\asr_project\data\raw\person4\skorogovorun.wav,"Скороговорун скороговорил, выскороговаривал, что всех скороговорок не перескороговоришь, не перевыскороговоришь.",скоро говоронскоро говорил скоро выговарел что всех скороговорок не перезговоришь не перескоро выговариваешь но за скороговорившись выскоро говорил что все скороговорки перескоро говоришь да не перескоро выговариваешь,14.3735,4.789967800024897,0.33324992521131924,4.39229679107666,,2.2,1.0606060606060606,0.18518518518518517,0.5,0.2702702702702703,0.0,10,27
20260526_205419_merged4,hf:jonatasgrosman/wav2vec2-large-xlsr-53-russian,person4__tri_kitajca,C:\Users\ankap\OneDrive\Desktop\asr_project\data\raw\person4\tri_kitajca.wav,"Жили-были три китайца: Як, Як-Цидрак, Як-Цидрак-Цидрак-Цидрони. Жили-были три китайки: Цыпа, Цыпа-Дрипа, Цыпа-Дрипа-Лимпомпони.",жили были три китайца яг як цедрак як цедрак цедрак цедроне жили были три китайки ципа цыпо дрыпа цыпа дрыбпо дрымпампони  все они переженили всякнацыпеяг цедрак на цепе дреп як цедрак цедрак цедрони на ципе дрыпе дрымпампонию и в михрадились дети у яка сыпи шах у яка цедрака с цыпой дрыпы шах шарах у яка цедрак и цедрак оцедроннее сыпо дрыпой дрымпом пони шаг шарах шарах ца широне,23.4535,6.879480700008571,0.29332426716731286,7.1633405685424805,,2.7142857142857144,2.2525252525252526,0.17647058823529413,0.5714285714285714,0.2696629213483146,0.0,21,68
20260526_205419_merged4,hf:jonatasgrosman/wav2vec2-large-xlsr-53-russian,person5__carl,C:\Users\ankap\OneDrive\Desktop\asr_project\data\raw\person5\carl.wav,"Карл у Клары украл кораллы, а Клара у Карла украла кларнет.",карл уклары у крал кааравы аклара у карла украла коларнет,5.6735,1.5967982000438496,0.281448523846629,1.7372674942016602,,0.6363636363636364,0.10638297872340426,0.5,0.45454545454545453,0.47619047619047616,0.0,11,10
20260526_205419_merged4,hf:jonatasgrosman/wav2vec2-large-xlsr-53-russian,person5__salo,C:\Users\ankap\OneDrive\Desktop\asr_project\data\raw\person5\salo.wav,"Съел Слава сало, да сала Славе мало.",съел славо с лену салу до сала слави малу,3.5535,1.096795400022529,0.3086521457781143,1.0902948379516602,,1.0,0.35714285714285715,0.2222222222222222,0.2857142857142857,0.25,0.0,7,9
20260526_205419_merged4,hf:jonatasgrosman/wav2vec2-large-xlsr-53-russian,person5__sasha,C:\Users\ankap\OneDrive\Desktop\asr_project\data\raw\person5\sasha.wav,Шла Саша по шоссе и сосала сушку.,шла саша по шеса и сосела сушку,3.6335,1.0884766000090167,0.2995669739945002,1.1147089004516602,,0.2857142857142857,0.15384615384615385,0.7142857142857143,0.7142857142857143,0.7142857142857143,0.0,7,7
20260526_205419_merged4,hf:jonatasgrosman/wav2vec2-large-xlsr-53-russian,person5__shishkosushylnia,C:\Users\ankap\OneDrive\Desktop\asr_project\data\raw\person5\shishkosushylnia.wav,Шишкосушильщик в шишкосушильне шишки сушил.,нашишкосушильную фабрику требуется шишкосушищик для работы на шишкосушильном аппарате шишкосушищик должен иметь опыт шишкосушений на шишкосушильном аппарате с использований шишкосушильной технологий качеого шишкосушени он также должен отличать аппарат шишкосушения от нешишкосушения ремонтировасишкосушельный аппарат отлича шишке пригодны для шишкосушения от непригодных для шишкосушения отлича шишки не дошишкосушанные от перишишкосушенных за каждую не дошишкасушанную или перешишкосушенную шишку шишкосушильщик получать ше шишкосушилкой по голове,37.0735,11.063085600035265,0.2984095270215994,11.31983470916748,,12.0,11.842105263157896,0.03278688524590164,0.4,0.060606060606060615,0.0,5,61
20260526_205419_merged4,hf:jonatasgrosman/wav2vec2-large-xlsr-53-russian,person5__skorogovorun,C:\Users\ankap\OneDrive\Desktop\asr_project\data\raw\person5\skorogovorun.wav,"Скороговорун скороговорил, выскороговаривал, что всех скороговорок не перескороговоришь, не перевыскороговоришь.",скороговорунскоро говорил ско разговаривал что все скороговорок не перезкоговоришь не перевыскоговариваешь нотоскоговорившись выскоро говорил что все скороговорки перескоговоришь да не перевыскоговариваешь,11.8935,3.5919535999419168,0.3020098036693923,3.6355085372924805,,1.7,0.98989898989899,0.19047619047619047,0.4,0.25806451612903225,0.0,10,21
20260526_205419_merged4,hf:jonatasgrosman/wav2vec2-large-xlsr-53-russian,person5__tri_kitajca,C:\Users\ankap\OneDrive\Desktop\asr_project\data\raw\person5\tri_kitajca.wav,"Жили-были три китайца: Як, Як-Цидрак, Як-Цидрак-Цидрак-Цидрони. Жили-были три китайки: Цыпа, Цыпа-Дрипа, Цыпа-Дрипа-Лимпомпони.",жели были три китатя ярки к цедраки к центрахцедрах-цедроний жели были трики таки цыпаця подрыпаться по дрыпа дрымбомпони все они переженились и к нацепи я кцедракноцапедры пияк цедрак цедра-цедронеоцапедрюпедрембомпони и у них разились деть яко с цыпой шаг уехкацедрака цепоедрыпышах шарах якцедрак цедра к цедрони сыпай друб дрюпомпони шах шарах шара ши рони,22.1735,6.202581500052474,0.2797294743749284,6.7727155685424805,,2.5238095238095237,2.282828282828283,0.05454545454545454,0.14285714285714285,0.07894736842105263,0.0,21,55
20260526_205419_merged4,hf:jonatasgrosman/wav2vec2-large-xlsr-53-russian,person6__shishkosushylnia,C:\Users\ankap\OneDrive\Desktop\asr_project\data\raw\person6\shishkosushylnia.wav,Шишкосушильщик в шишкосушильне шишки сушил.,на шишка сушильную фабрику требуются шишка сувшильшик для работы на шишка суильном аппаратия шишка сушильщик должен иметь опот шишка сушения на шишка сушильным аппаратея с использованием шишкосушильной технологии качественного шишко сушения он также должен отличать аппарадшишка сушен т ни шишка сушения ремонтировать шишкосушилноя аппарато для четшишко прикотные лишишко сушеня отнемкодны кля шишка сушения для шешишкенедо шшк суеноот перешишка сушенок за каждуго неды шишксушну или перешишко сушенную шишку шишкосушелшик получить шишко сушилкой по голове,31.0135,9.208165599964559,0.2969083012225179,9.47042179107666,,14.6,11.736842105263158,0.0,0.0,0.0,0.0,5,73
20260526_205419_merged4,hf:jonatasgrosman/wav2vec2-large-xlsr-53-russian,person7__carl,C:\Users\ankap\OneDrive\Desktop\asr_project\data\raw\person7\carl.wav,"Карл у Клары украл кораллы, а Клара у Карла украла кларнет.",карл уклары украл коралы оклара укарла украла кларнет,3.1735,1.1894731000065804,0.37481427446244847,0.9743242263793945,,0.6363636363636364,0.0425531914893617,0.5,0.36363636363636365,0.4210526315789474,0.0,11,8
20260526_205419_merged4,hf:jonatasgrosman/wav2vec2-large-xlsr-53-russian,person7__salo,C:\Users\ankap\OneDrive\Desktop\asr_project\data\raw\person7\salo.wav,"Съел Слава сало, да сала Славе мало.",сел слава соренно сало досала слави мало,2.8535,0.978130100062117,0.3427825828148299,0.8766593933105469,,0.7142857142857143,0.35714285714285715,0.42857142857142855,0.42857142857142855,0.42857142857142855,0.0,7,7
20260526_205419_merged4,hf:jonatasgrosman/wav2vec2-large-xlsr-53-russian,person7__sasha,C:\Users\ankap\OneDrive\Desktop\asr_project\data\raw\person7\sasha.wav,Шла Саша по шоссе и сосала сушку.,шла са шепрошесе и сосала сушку,2.2335,0.9008784999605268,0.4033483321963407,0.6874628067016602,,0.42857142857142855,0.15384615384615385,0.6666666666666666,0.5714285714285714,0.6153846153846153,0.0,7,6
20260526_205419_merged4,hf:jonatasgrosman/wav2vec2-large-xlsr-53-russian,person7__shishkosushylnia,C:\Users\ankap\OneDrive\Desktop\asr_project\data\raw\person7\shishkosushylnia.wav,Шишкосушильщик в шишкосушильне шишки сушил.,нашишкосушленую фабрику требуется шишко сушельник для работы на шишкосушельном аппарате шишкосусушельчик должен иметь опыт сушкосушения нашшкосушельным аппаратерьс использованием шишкосушельные технологий качесвенного шушкосушения он также должен оточать о пародтишк сушения от нешишкоскусушения ремонтировать сишкосушельно борат отличать шишке пригодныг для шишкосушени отни годы для шишкосушения отличать шишке недашишкосушенные от перешишкосушонных за каждую недошишкошишко сушонну или перешишкосушонном сшишку шишкосушелщик получить с шишкосшилкой по голове,33.5935,10.33470829995349,0.30764011787856255,10.25782299041748,,12.2,12.210526315789474,0.0,0.0,0.0,0.0,5,61
20260526_205419_merged4,hf:jonatasgrosman/wav2vec2-large-xlsr-53-russian,person7__tri_kitajca,C:\Users\ankap\OneDrive\Desktop\asr_project\data\raw\person7\tri_kitajca.wav,"Жили-были три китайца: Як, Як-Цидрак, Як-Цидрак-Цидрак-Цидрони. Жили-были три китайки: Цыпа, Цыпа-Дрипа, Цыпа-Дрипа-Лимпомпони.",жили были три китать я к екцедрак я цедрак цедрак цедрони жели были три китати цыпацы подрюпоцыпы друпы дрампомпоний все они перженели всяктна ципи як цедрак на цепедрипе ек цедракцедрацроне ципы друпи драпомпони и у них радили зети у яка с цыпы шах у яка седрака сыпы дрюпышах шарах у ягкат цедрака цедрак о цедрони сыпы друпо дрампомпони шах шарах шарах широний,20.5935,5.953087099944241,0.289076023985444,6.290477752685547,,2.7142857142857144,2.2222222222222223,0.0967741935483871,0.2857142857142857,0.14457831325301204,0.0,21,62
20260526_205419_merged4,hf:jonatasgrosman/wav2vec2-large-xlsr-53-russian,person8__carl,C:\Users\ankap\OneDrive\Desktop\asr_project\data\raw\person8\carl.wav,"Карл у Клары украл кораллы, а Клара у Карла украла кларнет.",карл уклары украл коралы аклара у карла уграла кларнет,3.9135,1.37240470002871,0.3506847323441191,1.2002058029174805,,0.5454545454545454,0.0425531914893617,0.5555555555555556,0.45454545454545453,0.5,0.0,11,9
20260526_205419_merged4,hf:jonatasgrosman/wav2vec2-large-xlsr-53-russian,person8__salo,C:\Users\ankap\OneDrive\Desktop\asr_project\data\raw\person8\salo.wav,"Съел Слава сало, да сала Славе мало.",съел слова соленая сало до сало славиям мало,3.2535,0.9818421000381932,0.3017802674160729,0.9987421035766602,,0.7142857142857143,0.4642857142857143,0.375,0.42857142857142855,0.39999999999999997,0.0,7,8
20260526_205419_merged4,hf:jonatasgrosman/wav2vec2-large-xlsr-53-russian,person8__sasha,C:\Users\ankap\OneDrive\Desktop\asr_project\data\raw\person8\sasha.wav,Шла Саша по шоссе и сосала сушку.,шла саша по шасем и сосала сушку,3.1135,0.9168425999814644,0.2944732937149396,0.9560174942016602,,0.14285714285714285,0.11538461538461539,0.8571428571428571,0.8571428571428571,0.8571428571428571,0.0,7,7
20260526_205419_merged4,hf:jonatasgrosman/wav2vec2-large-xlsr-53-russian,person8__shishkosushylnia,C:\Users\ankap\OneDrive\Desktop\asr_project\data\raw\person8\shishkosushylnia.wav,Шишкосушильщик в шишкосушильне шишки сушил.,нашишко осушельную фабрику требуется шишкосушильик для работы на шишко-сушильном аппарате сышишко осушельщик должен иметь опыт шишк осушений на шишкосушельном аппарате с использованием шишко-соушельной техноногий качественного шишка шлушению он также должен иметь отличать аппарат сшишко осушения от нешишкосушения ремонтировать шишко-сушильный аппарат отличать шишки пригодные для шишкосушения от непригодных для шишко сушения отличать шишко недошишкосушанные от пере шишко сушанных за каждого нешишкосушанную или перед шишкошихь ошишку шишко сушилищи к получит шишко-сушилкой по голове,35.5735,11.568617800017819,0.3252032496104634,10.86202335357666,,14.8,12.5,0.013333333333333334,0.2,0.025,0.0,5,75
20260526_205419_merged4,hf:jonatasgrosman/wav2vec2-large-xlsr-53-russian,person8__tri_kitajca,C:\Users\ankap\OneDrive\Desktop\asr_project\data\raw\person8\tri_kitajca.wav,"Жили-были три китайца: Як, Як-Цидрак, Як-Цидрак-Цидрак-Цидрони. Жили-были три китайки: Цыпа, Цыпа-Дрипа, Цыпа-Дрипа-Лимпомпони.",сжили были три китайца як як цендрак як цедраг цедра к цедроне  жили были три китайки цыпа цыпа двы по ципа дрыпо дрым пампоне все ни переженились як но цепе я к цедрак но цыпи дрыпе як цедракцы драк цетрони на цыпи дры педрым пампони и у них родились дети у яка с цыпой шах уяка цедрака сцыпой дрыпой шаг -шарах у якаце драка-цедрака цедрони сцыпой дрыпой дрым бомпони шах шарах шарах широни,29.4935,14.208575600059703,0.4817527794279995,9.00660228729248,,2.9523809523809526,2.272727272727273,0.16216216216216217,0.5714285714285714,0.25263157894736843,0.0,21,74
20260526_205419_merged4,hf:jonatasgrosman/wav2vec2-large-xlsr-53-russian,person9__carl,C:\Users\ankap\OneDrive\Desktop\asr_project\data\raw\person9\carl.wav,"Карл у Клары украл кораллы, а Клара у Карла украла кларнет.",карл уклары украла коралы а клара у карма украла кларнет,5.7335,2.210869299946353,0.3856055288996865,1.7555780410766602,,0.45454545454545453,0.06382978723404255,0.6,0.5454545454545454,0.5714285714285713,0.0,11,10
20260526_205419_merged4,hf:jonatasgrosman/wav2vec2-large-xlsr-53-russian,person9__salo,C:\Users\ankap\OneDrive\Desktop\asr_project\data\raw\person9\salo.wav,"Съел Слава сало, да сала Славе мало.",съел славо солена сало до сало слави мало,4.8135,2.0238309000851586,0.42044892491641395,1.4748163223266602,,0.7142857142857143,0.32142857142857145,0.375,0.42857142857142855,0.39999999999999997,0.0,7,8
20260526_205419_merged4,hf:jonatasgrosman/wav2vec2-large-xlsr-53-russian,person9__sasha,C:\Users\ankap\OneDrive\Desktop\asr_project\data\raw\person9\sasha.wav,Шла Саша по шоссе и сосала сушку.,шла саша по шосэй и сосала сужку,3.6935,1.6763444000389427,0.45386338162689666,1.1330671310424805,,0.2857142857142857,0.11538461538461539,0.7142857142857143,0.7142857142857143,0.7142857142857143,0.0,7,7
20260526_205419_merged4,hf:jonatasgrosman/wav2vec2-large-xlsr-53-russian,person9__shishkosushylnia,C:\Users\ankap\OneDrive\Desktop\asr_project\data\raw\person9\shishkosushylnia.wav,Шишкосушильщик в шишкосушильне шишки сушил.,нашишкосушильную фабрику требуется шишкосушильщих для работы на шишкосушенном аппарате шишкосушельщик  должен иметь опыт шишкосушения на шишкосушельном аппаратес использованием шишкосушильное технологии качественного шишкосушения он также должен отличать аппарат шишко сушения от не шишко сушения ремонтировать шишко-сушильный аппарат отличает шишки пригодные для шишко сушения однегодных для шишко сушения отличает шишки недошишко сушанные от пере шишко сушанных за каждую недо шишкосушенную или перешишкосушенную шишку шишкосушильщик получит шишкосушилкой по голове,42.6535,15.990529600065202,0.3748937273627065,13.02271556854248,,13.2,12.157894736842104,0.029850746268656716,0.4,0.05555555555555556,0.0,5,67
20260526_205419_merged4,hf:jonatasgrosman/wav2vec2-large-xlsr-53-russian,person9__tri_kitajca,C:\Users\ankap\OneDrive\Desktop\asr_project\data\raw\person9\tri_kitajca.wav,"Жили-были три китайца: Як, Як-Цидрак, Як-Цидрак-Цидрак-Цидрони. Жили-были три китайки: Цыпа, Цыпа-Дрипа, Цыпа-Дрипа-Лимпомпони.",жили были три китайц як якцедрак якцедрак-цедрак цедрони жили были три китайте ципа цепадрыпа цепадрыпа дрым папони все они переженились як на ципи як цедрак на ципе дрепи як цедрак цедрак цедрони на ципе дрипидри пампонь и у них родились дети у яка с цыпой шах у яка цедрака сцыпой дрыпой шах шарах у яка цедра ко-цедрако цедроне сцыпой дрыпой дрымпопоне шах шарах шарах широни,30.1335,9.62760879995767,0.3194985248961345,9.20191478729248,,2.9047619047619047,2.242424242424242,0.13432835820895522,0.42857142857142855,0.20454545454545453,0.0,21,67
20260526_205419_merged4,whisper:base,person10__carl,C:\Users\ankap\OneDrive\Desktop\asr_project\data\raw\person10\carl.wav,"Карл у Клары украл кораллы, а Клара у Карла украла кларнет.","Карла украла карала, карала украла карнет. Блетьк, кларнет.",6.6535,1.351006199955009,0.20305195760953015,2.031393051147461,0.3762698937372631,0.9090909090909091,0.48936170212765956,0.375,0.2727272727272727,0.3157894736842105,0.0,11,8
20260526_205419_merged4,whisper:base,person10__salo,C:\Users\ankap\OneDrive\Desktop\asr_project\data\raw\person10\salo.wav,"Съел Слава сало, да сала Славе мало.",Сел слава солена салата с лавем малым.,4.1735,1.0763403000310063,0.2578987181097416,1.274557113647461,0.5318667223980643,0.8571428571428571,0.32142857142857145,0.14285714285714285,0.14285714285714285,0.14285714285714285,0.0,7,7
20260526_205419_merged4,whisper:base,person10__sasha,C:\Users\ankap\OneDrive\Desktop\asr_project\data\raw\person10\sasha.wav,Шла Саша по шоссе и сосала сушку.,шла саше паше са и са сау сушку,4.2935,18.65057490009349,4.343909374657852,1.311178207397461,0.4434437171522968,0.7142857142857143,0.3076923076923077,0.375,0.42857142857142855,0.39999999999999997,0.0,7,8
20260526_205419_merged4,whisper:base,person10__shishkosushylnia,C:\Users\ankap\OneDrive\Desktop\asr_project\data\raw\person10\shishkosushylnia.wav,Шишкосушильщик в шишкосушильне шишки сушил.,"На шышку сушильной фабрику требуется шышку-сушильщик или для работы нашذاшка сушильном аппарате. Шишка-сушильщик должен иметь опыт шишка-сушения fácilшнего сушильного аппарата PlayStation 8 С используем с использованием шишка-сушильного Ми scalda качественного шишка-сушения Он так что должен друзья его в порядке Нет шишка сушения ремонтировать шишка сушительный аппарат. Отличать шишки. Пригодные для шишка сушения. От граждане для шишка сушения. От перепетный шишка сушен по Cart...... ...а çıkлад token. Для шишка сушен. Как видите бы,聲 sheeting. Сушкаicie вы BOY. шуукой по голове.",58.6335,53.94491080008447,0.9200356587971803,17.89443016052246,0.16655484628324682,16.6,11.710526315789474,0.023529411764705882,0.4,0.044444444444444446,0.0,5,85
20260526_205419_merged4,whisper:base,person10__skorogovorun,C:\Users\ankap\OneDrive\Desktop\asr_project\data\raw\person10\skorogovorun.wav,"Скороговорун скороговорил, выскороговаривал, что всех скороговорок не перескороговоришь, не перевыскороговоришь.","Скороговорил Скороговорил, что всехWasкороговорил Не перескороговоришь Наскороговорившись Пропакта Не перескороговоривш",24.6935,16.88366210006643,0.6837290015618049,7.536764144897461,0.14886432814034792,0.7,0.43434343434343436,0.5,0.5,0.5,0.0,10,10
20260526_205419_merged4,whisper:base,person10__tri_kitajca,C:\Users\ankap\OneDrive\Desktop\asr_project\data\raw\person10\tri_kitajca.wav,"Жили-были три китайца: Як, Як-Цидрак, Як-Цидрак-Цидрак-Цидрони. Жили-были три китайки: Цыпа, Цыпа-Дрипа, Цыпа-Дрипа-Лимпомпони.","Желе были три китайцы. Як. Як ЦЦ Yummy Fed Egg, Як ЦЦ addresses addresses addresses SideDoney. Желе были три китайки. Цiplы, цепы Дрипы, цепы Дрипы Дримпоп revolvsح. Все они пережинились. Як на цыпи, Як ЦС адрак на Цыпи Дрипы. Як ЦС драк цС govern и Цыпи Дрипы Дримпоп przозвыит Б clash. У них род Image adyggAtt! Уяка с ципы шах, уяка с ципы дрипы шах шарах. Уяка с ципы дрипы дрипы дрым пампони, шах шарах шарах шару.",41.3535,40.215496100019664,0.972481074153812,12.62094497680664,0.22270376659068852,3.2857142857142856,2.5454545454545454,0.1038961038961039,0.38095238095238093,0.163265306122449,0.0,21,77
20260526_205419_merged4,whisper:base,person11__carl,C:\Users\ankap\OneDrive\Desktop\asr_project\data\raw\person11\carl.wav,"Карл у Клары украл кораллы, а Клара у Карла украла кларнет.","Карло Кладло, Кал-Каралы, Акладло, Карло Кладло, Кладло Кладло.",4.5135,1.4236662000184879,0.31542399468671495,1.378316879272461,0.4517370550058296,1.0,0.48936170212765956,0.0,0.0,0.0,0.0,11,9
20260526_205419_merged4,whisper:base,person11__salo,C:\Users\ankap\OneDrive\Desktop\asr_project\data\raw\person11\salo.wav,"Съел Слава сало, да сала Славе мало.","Сьел слава соленосала, да сала славе мара.",3.7535,1.3364708999870345,0.3560599174069627,1.146383285522461,0.5802927375004796,0.42857142857142855,0.35714285714285715,0.5714285714285714,0.5714285714285714,0.5714285714285714,0.0,7,7
20260526_205419_merged4,whisper:base,person11__sasha,C:\Users\ankap\OneDrive\Desktop\asr_project\data\raw\person11\sasha.wav,Шла Саша по шоссе и сосала сушку.,Шла саша по шестсей со салосушку.,2.8335,1.1900446000508964,0.4199910358393847,0.8656215667724609,0.4979408634495241,0.5714285714285714,0.15384615384615385,0.5,0.42857142857142855,0.4615384615384615,0.0,7,6
20260526_205419_merged4,whisper:base,person11__tri_kitajca,C:\Users\ankap\OneDrive\Desktop\asr_project\data\raw\person11\tri_kitajca.wav,"Жили-были три китайца: Як, Як-Цидрак, Як-Цидрак-Цидрак-Цидрони. Жили-были три китайки: Цыпа, Цыпа-Дрипа, Цыпа-Дрипа-Лимпомпони.",Ид limp mid cricket. Руки цепiredди. В кич,27.9535,33.065369899966754,1.1828704777565155,8.531637191772461,0.0076097389136959214,1.0,0.898989898989899,0.0,0.0,0.0,0.0,21,8
20260526_205419_merged4,whisper:base,person12__carl,C:\Users\ankap\OneDrive\Desktop\asr_project\data\raw\person12\carl.wav,"Карл у Клары украл кораллы, а Клара у Карла украла кларнет.","Карлокуа, Крау, Каралы, Крау, Крау, Крау, Крау, Крау, Крау, Крау.",11.6135,13.626440500025637,1.1733276359431384,3.545064926147461,0.42676056874125484,1.0,0.48936170212765956,0.0,0.0,0.0,0.0,11,10
20260526_205419_merged4,whisper:base,person12__salo,C:\Users\ankap\OneDrive\Desktop\asr_project\data\raw\person12\salo.wav,"Съел Слава сало, да сала Славе мало.","Сzedел Словост não сразу, дас disloc calling",8.0535,13.942324200063013,1.7312130378174724,2.458639144897461,0.005681191964313213,1.0,0.9285714285714286,0.0,0.0,0.0,0.0,7,7
20260526_205419_merged4,whisper:base,person12__sasha,C:\Users\ankap\OneDrive\Desktop\asr_project\data\raw\person12\sasha.wav,Шла Саша по шоссе и сосала сушку.,"Шла саша по шашей, со сала Сушку. Шла саша по шашей, со сала Сушку.",6.9735,5.717619800008833,0.8199067613119428,2.129049301147461,0.5366658602684209,1.4285714285714286,0.9615384615384616,0.2857142857142857,0.5714285714285714,0.38095238095238093,0.0,7,14
20260526_205419_merged4,whisper:base,person12__shishkosushylnia,C:\Users\ankap\OneDrive\Desktop\asr_project\data\raw\person12\shishkosushylnia.wav,Шишкосушильщик в шишкосушильне шишки сушил.,,26.8935,25.932912299991585,0.9642817892796247,8.208150863647461,,1.0,1.0,0.0,0.0,0.0,0.0,5,0
20260526_205419_merged4,whisper:base,person12__skorogovorun,C:\Users\ankap\OneDrive\Desktop\asr_project\data\raw\person12\skorogovorun.wav,"Скороговорун скороговорил, выскороговаривал, что всех скороговорок не перескороговоришь, не перевыскороговоришь.","Скорого ромбского говорил, что все скарковорок не перескоговоришь.",10.2135,3.8671663999557495,0.3786328290944093,3.117818832397461,0.45871859013281674,0.8,0.48484848484848486,0.25,0.2,0.22222222222222224,0.0,10,8
20260526_205419_merged4,whisper:base,person12__tri_kitajca,C:\Users\ankap\OneDrive\Desktop\asr_project\data\raw\person12\tri_kitajca.wav,"Жили-были три китайца: Як, Як-Цидрак, Як-Цидрак-Цидрак-Цидрони. Жили-были три китайки: Цыпа, Цыпа-Дрипа, Цыпа-Дрипа-Лимпомпони.",,19.6935,26.026599499979056,1.3215832381231907,6.010885238647461,,1.0,1.0,0.0,0.0,0.0,0.0,21,0
20260526_205419_merged4,whisper:base,person1__carl,C:\Users\ankap\OneDrive\Desktop\asr_project\data\raw\person1\carl.wav,"Карл у Клары украл кораллы, а Клара у Карла украла кларнет.","Карл уклары украл рекламу, а клара украл обюджет.",4.0935,1.264263299992308,0.308846537191232,1.250295639038086,0.5561942642983573,0.6363636363636364,0.3829787234042553,0.5,0.36363636363636365,0.4210526315789474,0.0,11,8
20260526_205419_merged4,whisper:base,person1__salo,C:\Users\ankap\OneDrive\Desktop\asr_project\data\raw\person1\salo.wav,"Съел Слава сало, да сала Славе мало.","Все в лавы салены сало, да сало славе мало.",2.8335,1.3453344999579713,0.47479601198446136,0.8656215667724609,0.49697308949712365,0.7142857142857143,0.39285714285714285,0.4444444444444444,0.5714285714285714,0.5,0.0,7,9
20260526_205419_merged4,whisper:base,person1__sasha,C:\Users\ankap\OneDrive\Desktop\asr_project\data\raw\person1\sasha.wav,Шла Саша по шоссе и сосала сушку.,"Шла саша, паша сейс, и саласушку.",2.4935,1.2654006999218836,0.5074797272596285,0.7618618011474609,0.42032723352389756,0.5714285714285714,0.19230769230769232,0.5,0.42857142857142855,0.4615384615384615,0.0,7,6
20260526_205419_merged4,whisper:base,person1__shiskosuszylnaja,C:\Users\ankap\OneDrive\Desktop\asr_project\data\raw\person1\shiskosuszylnaja.wav,Шишкосушильщик в шишкосушильне шишки сушил.,"Наши шкаушенную фабрику, требуется Шкаушейший для работы на шкаушенному аппарате. Шкаушейшийший должен вымеч Сушеные, от перешишка сушеных. На каждую недую шишку сушеную или перешишка сушеную шишку. Шишку сельфик. Получит шишку сушилкой по голове.",37.6135,35.46444530005101,0.9428648038616723,11.479635238647461,0.4996235509528996,6.6,4.657894736842105,0.0,0.0,0.0,0.0,5,33
20260526_205419_merged4,whisper:base,person1__skorogovorun,C:\Users\ankap\OneDrive\Desktop\asr_project\data\raw\person1\skorogovorun.wav,"Скороговорун скороговорил, выскороговаривал, что всех скороговорок не перескороговоришь, не перевыскороговоришь.","Скор sage Souls — Скор говорил, وкisesti, не как Sounded sporго roofак в keinаче. Скор texto — Скор говорю — Скор говорил в interacting, Paraオ perhaps — Скорая, 얘기ает Усерica и убийство шестей Р bail. Скорая, сп Seokс pancake — rienек и для него vaismate,",14.2535,20.25016199995298,1.4207150524399605,4.350728988647461,0.008116028955021237,3.9,1.5454545454545454,0.025,0.1,0.04000000000000001,0.0,10,40
20260526_205419_merged4,whisper:base,person1__tri_kitajca,C:\Users\ankap\OneDrive\Desktop\asr_project\data\raw\person1\tri_kitajca.wav,"Жили-были три китайца: Як, Як-Цидрак, Як-Цидрак-Цидрак-Цидрони. Жили-были три китайки: Цыпа, Цыпа-Дрипа, Цыпа-Дрипа-Лимпомпони.","— люди были трикетайте — як- eerste драк- quart или were приниматели rhyme с пока и рецепт patience по людей я кации кривей Рах, шерак, шерони.",28.1735,34.50908889994025,1.224877594191004,8.598775863647461,0.05365766818438448,1.0952380952380953,0.8080808080808081,0.08333333333333333,0.09523809523809523,0.08888888888888889,0.0,21,24
20260526_205419_merged4,whisper:base,person2__carl,C:\Users\ankap\OneDrive\Desktop\asr_project\data\raw\person2\carl.wav,"Карл у Клары украл кораллы, а Клара у Карла украла кларнет.","Кролкару кролкару, кролкару кролкару, кролкару.",3.2535,7.600908399908803,2.3362251113904424,0.9937953948974609,0.5934385090171487,1.0,0.5106382978723404,0.0,0.0,0.0,0.0,11,5
20260526_205419_merged4,whisper:base,person2__person3,C:\Users\ankap\OneDrive\Desktop\asr_project\data\raw\person2\person3.wav,"Сборная запись: может содержать несколько скороговорок (например, «Карл у Клары…», «Шла Саша…», «Три китайца…»).","Всё 듣ало дальше думку�도, больше большоеensible Mormon. Они с говор cannily� Pedrikitarhmen, кое-что тоже чувствует это на aujourdнем Суд sokо- Thunderbolt как в Brit like plays as nightmare в совет invasiveации Нос gottenout seguro, и в себе как смотрел какagedo, про GoPro и кирпот어서 ассо... Вот это та всяшая зац션 с ш 하겠습니다 и по тем парulously Цепе моELL 선런та сейчас вENAUEales� Jungkookа суш курсушен, зак psychological но за сковорившись, вы скоговорил, что все скорговорки перескоговоришь, да не перескорова говориваешь, как я хуй, да, влезь.",83.4135,76.81661500001792,0.9209134612504921,25.45668601989746,0.12753712442066573,6.214285714285714,4.734939759036145,0.0,0.0,0.0,0.0,14,87
20260526_205419_merged4,whisper:base,person2__salo,C:\Users\ankap\OneDrive\Desktop\asr_project\data\raw\person2\salo.wav,"Съел Слава сало, да сала Славе мало.",Сил цлава солиносална до сала слави мало.,2.9335,1.25011539994739,0.4261514913746003,0.8961391448974609,0.4565138152212772,0.7142857142857143,0.4642857142857143,0.2857142857142857,0.2857142857142857,0.2857142857142857,0.0,7,7
20260526_205419_merged4,whisper:base,person2__sasha,C:\Users\ankap\OneDrive\Desktop\asr_project\data\raw\person2\sasha.wav,Шла Саша по шоссе и сосала сушку.,Шла сажа пришла с этой саласушку.,2.4735,1.2284164000302553,0.4966308469901982,0.7557582855224609,0.4867979810837745,0.8571428571428571,0.34615384615384615,0.16666666666666666,0.14285714285714285,0.15384615384615383,0.0,7,6
20260526_205419_merged4,whisper:base,person2__shyskosushenieje,C:\Users\ankap\OneDrive\Desktop\asr_project\data\raw\person2\shyskosushenieje.wav,Шишкосушильщик в шишкосушильне шишки сушил.,"На шишка сушильного фабриca требуется шишка-сушилищик для работы нашишка сушильной jeopard Sky sushi Usually we watch опыт шишка сушения на шишка сушильной р Unirito польз começa к шишку сушильной технологии. качественного шишка сушения должен также Damonев 스트� Fazera probe Суши шишки не даши сушины, от перешишка сушины. За каждую не даши сушины или перешишка сушины в шишку. Суши шишку получат шишка сушилкой по голове.",32.8735,34.24750679999124,1.0417967907278276,10.033102035522461,0.2693294789430374,12.8,8.31578947368421,0.03076923076923077,0.4,0.05714285714285715,0.0,5,65
20260526_205419_merged4,whisper:base,person2__skorogovorun,C:\Users\ankap\OneDrive\Desktop\asr_project\data\raw\person2\skorogovorun.wav,"Скороговорун скороговорил, выскороговаривал, что всех скороговорок не перескороговоришь, не перевыскороговоришь.",Скорговаронскорговарил скоро выговорил.artšкаи и musique,11.4535,16.901606400031596,1.475671750995905,3.496236801147461,0.06879641866131132,1.0,0.6666666666666666,0.0,0.0,0.0,0.0,10,6
20260526_205419_merged4,whisper:base,person2__tri_kitajca,C:\Users\ankap\OneDrive\Desktop\asr_project\data\raw\person2\tri_kitajca.wav,"Жили-были три китайца: Як, Як-Цидрак, Як-Цидрак-Цидрак-Цидрони. Жили-были три китайки: Цыпа, Цыпа-Дрипа, Цыпа-Дрипа-Лимпомпони.","Желек были Трик и Тайцы, Як и ХЦ Hé- possibilrain Дрик, Др durantстри, Ид option Др 不是 Трепи деревьер Др scrambled и Сад Ид option Сад",25.0535,27.780579400015995,1.1088502364945414,7.646627426147461,0.04964804132323949,1.1428571428571428,0.7676767676767676,0.07692307692307693,0.09523809523809523,0.0851063829787234,0.0,21,26
20260526_205419_merged4,whisper:base,person3__carl,C:\Users\ankap\OneDrive\Desktop\asr_project\data\raw\person3\carl.wav,"Карл у Клары украл кораллы, а Клара у Карла украла кларнет.",королк – королкар…,3.37,12.654231599997729,3.754964866468169,1.029348373413086,0.10196899741182834,1.0,0.7659574468085106,0.0,0.0,0.0,0.0,11,2
20260526_205419_merged4,whisper:base,person3__salo,C:\Users\ankap\OneDrive\Desktop\asr_project\data\raw\person3\salo.wav,"Съел Слава сало, да сала Славе мало.","Сьел сова, с Ильоносова, до сова с Валема.",2.89,1.1045113999862224,0.3821838754277586,0.8828639984130859,0.42535084748359053,1.1428571428571428,0.6428571428571429,0.0,0.0,0.0,0.0,7,8
20260526_205419_merged4,whisper:base,person3__sasha,C:\Users\ankap\OneDrive\Desktop\asr_project\data\raw\person3\sasha.wav,Шла Саша по шоссе и сосала сушку.,ушла с вашей по<|sv|> со על marsha со redesales,2.22,7.180405999999493,3.2344171171168887,0.6783962249755859,0.009580384982483004,1.2857142857142858,0.9230769230769231,0.1,0.14285714285714285,0.11764705882352941,0.0,7,10
20260526_205419_merged4,whisper:base,person3__shishkosushylnia.wav,C:\Users\ankap\OneDrive\Desktop\asr_project\data\raw\person3\shishkosushylnia.wav.wav,Шишкосушильщик в шишкосушильне шишки сушил.,"Сушенную шишку. Сушка сушили, как по ути от шишка. Сушилки пагаю.",34.26,27.74601760006044,0.8098662463531945,10.456228256225586,0.45115070023881615,2.2,0.868421052631579,0.0,0.0,0.0,0.0,5,11
20260526_205419_merged4,whisper:base,person3__skorogovorun,C:\Users\ankap\OneDrive\Desktop\asr_project\data\raw\person3\skorogovorun.wav,"Скороговорун скороговорил, выскороговаривал, что всех скороговорок не перескороговоришь, не перевыскороговоришь.","Скорговарун, Скорговарил, Скорговаривал. Что всех скорговарок ни перескору не перескорговариваешь, но за скорговарившись. Вы olacak влазилаnik заatterк какой-то Скорговарившись, да не перескорговариваешься.",15.07,19.33543340000324,1.2830413669544287,4.599905014038086,0.2227186435496155,1.9,1.0101010101010102,0.17391304347826086,0.4,0.24242424242424243,0.0,10,23
20260526_205419_merged4,whisper:base,person3__tri_kitajca,C:\Users\ankap\OneDrive\Desktop\asr_project\data\raw\person3\tri_kitajca.wav,"Жили-были три китайца: Як, Як-Цидрак, Як-Цидрак-Цидрак-Цидрони. Жили-были три китайки: Цыпа, Цыпа-Дрипа, Цыпа-Дрипа-Лимпомпони.","Желеб были 3 Chinese, как 4%. exports, акицы поцепатрoto. по суп. все они причин Turine, как 4% и и і запят aged old spl ch機way, как 4% бедро binds qué",21.94,29.972790800035,1.3661253783060618,6.696414947509766,0.012671841429143047,1.380952380952381,0.9393939393939394,0.03333333333333333,0.047619047619047616,0.0392156862745098,0.0,21,30
20260526_205419_merged4,whisper:base,person4__carl,C:\Users\ankap\OneDrive\Desktop\asr_project\data\raw\person4\carl.wav,"Карл у Клары украл кораллы, а Клара у Карла украла кларнет.","Карол укладывок, крол-каролы, акклара укладывок, крол-каролы, крол-каролы, кролы, кролы.",4.3735,1.8854193000588566,0.4311007888553462,1.335592269897461,0.545320771334658,1.0909090909090908,0.7659574468085106,0.0,0.0,0.0,0.0,11,12
20260526_205419_merged4,whisper:base,person4__salo,C:\Users\ankap\OneDrive\Desktop\asr_project\data\raw\person4\salo.wav,"Съел Слава сало, да сала Славе мало.","Сил слома, слома, слома, слома, слома.",1.9535,15.116838600020856,7.738335602774946,0.5970067977905273,0.44810761525403564,1.0,0.5357142857142857,0.0,0.0,0.0,0.0,7,6
20260526_205419_merged4,whisper:base,person4__sasha,C:\Users\ankap\OneDrive\Desktop\asr_project\data\raw\person4\sasha.wav,Шла Саша по шоссе и сосала сушку.,Шла саша по шоссе и со салусушку.,2.4735,0.9691034000134096,0.3917943804380067,0.7557582855224609,0.5263216285922477,0.2857142857142857,0.038461538461538464,0.7142857142857143,0.7142857142857143,0.7142857142857143,0.0,7,7
20260526_205419_merged4,whisper:base,person4__shishkosushylnia,C:\Users\ankap\OneDrive\Desktop\asr_project\data\raw\person4\shishkosushylnia.wav,Шишкосушильщик в шишкосушильне шишки сушил.,"на шишках сушесячные вitti отп◕ Не дашишь косушонный, от перешишь косушонных. За каждую не дашишь косушонную или перешишь косушонную шишку. Шишка сушильщик получит шишка сушилкой по голове.",38.8135,36.192061799927615,0.9324606593048196,11.845846176147461,0.38879312741291006,5.4,3.289473684210526,0.0,0.0,0.0,0.0,5,27
20260526_205419_merged4,whisper:base,person4__skorogovorun,C:\Users\ankap\OneDrive\Desktop\asr_project\data\raw\person4\skorogovorun.wav,"Скороговорун скороговорил, выскороговаривал, что всех скороговорок не перескороговоришь, не перевыскороговоришь.","Скоро-говар escrоговорил, что все скороговорки — « Forsch sleep» Скоро-говарил на 사고е Скоро-говарил담ат the office Скоро-говарилデ reason Скоро-говарил— Скоро-говарил —",14.3735,22.3397021999117,1.5542284203507635,4.387350082397461,0.0759786036404712,2.2,0.7575757575757576,0.043478260869565216,0.1,0.06060606060606061,0.0,10,23
20260526_205419_merged4,whisper:base,person4__tri_kitajca,C:\Users\ankap\OneDrive\Desktop\asr_project\data\raw\person4\tri_kitajca.wav,"Жили-были три китайца: Як, Як-Цидрак, Як-Цидрак-Цидрак-Цидрони. Жили-были три китайки: Цыпа, Цыпа-Дрипа, Цыпа-Дрипа-Лимпомпони.",Жили были три Три Китайцы. Як? Як? Цедрак. Цедрак. Цедроне. Жили bureaucratic tile projectedfed with kid цепа за цепы� все они пережимили. Как? Цепы. Как? Цепы. Как? Цепы при Др Suit ИНЁД. Цепыη. Тоцен�лыйication Цепы Из bosses,23.4535,36.74726490001194,1.566813690920841,7.158346176147461,0.08455982576581783,1.5714285714285714,1.2222222222222223,0.18421052631578946,0.3333333333333333,0.23728813559322035,0.0,21,38
20260526_205419_merged4,whisper:base,person5__carl,C:\Users\ankap\OneDrive\Desktop\asr_project\data\raw\person5\carl.wav,"Карл у Клары украл кораллы, а Клара у Карла украла кларнет.","Карл укладывал карал карал, а карал укладывал карал.",5.6735,1.0569568000501022,0.1862971358156521,1.732320785522461,0.4420062028420255,0.8181818181818182,0.425531914893617,0.25,0.18181818181818182,0.2105263157894737,0.0,11,8
20260526_205419_merged4,whisper:base,person5__salo,C:\Users\ankap\OneDrive\Desktop\asr_project\data\raw\person5\salo.wav,"Съел Слава сало, да сала Славе мало.","Сьел слава суленосало, да сала славе мало.",3.5535,0.9815872999606654,0.27623112423263413,1.085348129272461,0.5485778363461457,0.2857142857142857,0.25,0.7142857142857143,0.7142857142857143,0.7142857142857143,0.0,7,7
20260526_205419_merged4,whisper:base,person5__sasha,C:\Users\ankap\OneDrive\Desktop\asr_project\data\raw\person5\sasha.wav,Шла Саша по шоссе и сосала сушку.,Шла саша по шоссе и сессала сушку.,3.6335,1.019140199990943,0.2804844364912462,1.109762191772461,0.48758253531132106,0.14285714285714285,0.07692307692307693,0.8571428571428571,0.8571428571428571,0.8571428571428571,0.0,7,7
20260526_205419_merged4,whisper:base,person5__shishkosushylnia,C:\Users\ankap\OneDrive\Desktop\asr_project\data\raw\person5\shishkosushylnia.wav,Шишкосушильщик в шишкосушильне шишки сушил.,"Нашишка шишка сушильных фаврика Bright Até Сушение. Отличай шишки. Нет, дошишка сушены. От перейшишка сушенных. Закаждую не дошишка сушеную или перейшишка сушеную шишку. Шишка сушильщик. Получай шишка сушилкой по голове.",37.0735,33.65233549999539,0.907719408741969,11.314840316772461,0.6381903614497992,5.8,3.9473684210526314,0.03333333333333333,0.2,0.05714285714285715,0.0,5,30
20260526_205419_merged4,whisper:base,person5__skorogovorun,C:\Users\ankap\OneDrive\Desktop\asr_project\data\raw\person5\skorogovorun.wav,"Скороговорун скороговорил, выскороговаривал, что всех скороговорок не перескороговоришь, не перевыскороговоришь.","Скоро Гаворонск карьговорил иphrоговорил, desemе Elliott Naereğu, executionalAUDIENCE in Tele abbiamo скоро Гаворонск вып het",11.8935,17.855948099982925,1.5013198890135726,3.630514144897461,0.012807973428013285,1.5,0.7676767676767676,0.0,0.0,0.0,0.0,10,15
20260526_205419_merged4,whisper:base,person5__tri_kitajca,C:\Users\ankap\OneDrive\Desktop\asr_project\data\raw\person5\tri_kitajca.wav,"Жили-были три китайца: Як, Як-Цидрак, Як-Цидрак-Цидрак-Цидрони. Жили-были три китайки: Цыпа, Цыпа-Дрипа, Цыпа-Дрипа-Лимпомпони.","Жели были три Китайцы.ência який,акцедрак,акцедрак,акцедрак,акцедраки. Жели были три Китайцы по Дрипั hablar по Дриппа дриппа о Дрипп patreon все не пережинились как нацепи,акцидрак нацепи дрипп夜к цедрак цедрак цедрак здоров teenagers,апےдrift по Дрипп дрипп а о Дрипп а о Дрипп а о Дрипп а о Дрипп а о Д石 п deficit исс к employers к п laughs чек scissors",22.1735,36.914345199940726,1.6647955983467078,6.767721176147461,0.1139368375992736,2.9523809523809526,2.121212121212121,0.06153846153846154,0.19047619047619047,0.09302325581395349,0.0,21,65
20260526_205419_merged4,whisper:base,person6__shishkosushylnia,C:\Users\ankap\OneDrive\Desktop\asr_project\data\raw\person6\shishkosushylnia.wav,Шишкосушильщик в шишкосушильне шишки сушил.,.,31.0135,36.35317780007608,1.1721726925395741,9.465475082397461,0.06282362345365237,1.0,1.0,0.0,0.0,0.0,0.0,5,0
20260526_205419_merged4,whisper:base,person7__carl,C:\Users\ankap\OneDrive\Desktop\asr_project\data\raw\person7\carl.wav,"Карл у Клары украл кораллы, а Клара у Карла украла кларнет.","Карлуклары украл каралы, аклары укарила украла кларнет.",3.1735,8.407657900010236,2.649332881679608,0.9693813323974609,0.41907764354724447,0.7272727272727273,0.0851063829787234,0.42857142857142855,0.2727272727272727,0.33333333333333326,0.0,11,7
20260526_205419_merged4,whisper:base,person7__salo,C:\Users\ankap\OneDrive\Desktop\asr_project\data\raw\person7\salo.wav,"Съел Слава сало, да сала Славе мало.",Сел слава Сорина Салла Слава и Мало.,2.8535,16.633857800043188,5.8292825652858555,0.8717250823974609,0.420929023193455,0.7142857142857143,0.2857142857142857,0.2857142857142857,0.2857142857142857,0.2857142857142857,0.0,7,7
20260526_205419_merged4,whisper:base,person7__sasha,C:\Users\ankap\OneDrive\Desktop\asr_project\data\raw\person7\sasha.wav,Шла Саша по шоссе и сосала сушку.,Шла саша персосе и сессала сувку.,2.2335,1.1299762999406084,0.5059217819299792,0.6825160980224609,0.41091501568935895,0.5714285714285714,0.2692307692307692,0.5,0.42857142857142855,0.4615384615384615,0.0,7,6
20260526_205419_merged4,whisper:base,person7__shishkosushylnia,C:\Users\ankap\OneDrive\Desktop\asr_project\data\raw\person7\shishkosushylnia.wav,Шишкосушильщик в шишкосушильне шишки сушил.,"Нашежكослушoshiно-ваблюку требуется шишку ослушивник для надеж affairs Archivo Hermena можно иметьопроцишку ослуш kannосужением в сушении sobre ос suspects רуг), чутьём reopen и ощусильным Virgin àை. Должно voltaщать трешку осушения отATE,抽осущееfruit lord Wayne streetsiter внешне которая , davlection и дошежка сушеные. От первышечка сушеных. За каждый день дошежка сушенную или первышечка сушенную сшишку. Шишка сушиши к получит.",33.5935,32.64421499997843,0.9717420036607806,10.252828598022461,0.17250713346567986,11.2,8.68421052631579,0.017543859649122806,0.2,0.03225806451612903,0.0,5,57
20260526_205419_merged4,whisper:base,person7__tri_kitajca,C:\Users\ankap\OneDrive\Desktop\asr_project\data\raw\person7\tri_kitajca.wav,"Жили-были три китайца: Як, Як-Цидрак, Як-Цидрак-Цидрак-Цидрони. Жили-были три китайки: Цыпа, Цыпа-Дрипа, Цыпа-Дрипа-Лимпомпони.","Еще oli трыкти, как в сцеп manga за крюч Leave a...",20.5935,27.80747560004238,1.3503035229583307,6.285543441772461,0.01206050347522071,1.0,0.8787878787878788,0.0,0.0,0.0,0.0,21,11
20260526_205419_merged4,whisper:base,person8__carl,C:\Users\ankap\OneDrive\Desktop\asr_project\data\raw\person8\carl.wav,"Карл у Клары украл кораллы, а Клара у Карла украла кларнет.","Карл укладает укладой каралой, а карлера укладала укладала карнет.",3.9135,14.755846900050528,3.770498760713052,1.195211410522461,0.38640908651037964,0.8181818181818182,0.44680851063829785,0.2222222222222222,0.18181818181818182,0.19999999999999998,0.0,11,9
20260526_205419_merged4,whisper:base,person8__salo,C:\Users\ankap\OneDrive\Desktop\asr_project\data\raw\person8\salo.wav,"Съел Слава сало, да сала Славе мало.","Сьел слава соленая сала, до сала славием мало.",3.2535,1.4291779000777751,0.4392739818895882,0.9937477111816406,0.5475055176816186,0.7142857142857143,0.42857142857142855,0.375,0.42857142857142855,0.39999999999999997,0.0,7,8
20260526_205419_merged4,whisper:base,person8__sasha,C:\Users\ankap\OneDrive\Desktop\asr_project\data\raw\person8\sasha.wav,Шла Саша по шоссе и сосала сушку.,Шла саша по шо сэм и сосала сушку.,3.1135,1.19795790000353,0.38476245383122853,0.9510707855224609,0.4961349435035132,0.2857142857142857,0.07692307692307693,0.75,0.8571428571428571,0.7999999999999999,0.0,7,8
20260526_205419_merged4,whisper:base,person8__shishkosushylnia,C:\Users\ankap\OneDrive\Desktop\asr_project\data\raw\person8\shishkosushylnia.wav,Шишкосушильщик в шишкосушильне шишки сушил.,"Нашишка Сушильную фабрику требуется а breadthado mehr 좁ки. отлечать шишки, приготные для шишка сушения, от непреготных для шишка сушения. Отлечать шишки не до шишка сушены, от пересишься сушены, за каждое недо шишка сушено. Или пересишьшишейшка сушелечек. Шешка сошелся, к полути, сшешка сошелки, по голове.",35.5735,43.74344039999414,1.2296636653687194,10.857076644897461,0.3212822684608671,8.6,5.7105263157894735,0.022727272727272728,0.2,0.04081632653061225,0.0,5,44
20260526_205419_merged4,whisper:base,person8__tri_kitajca,C:\Users\ankap\OneDrive\Desktop\asr_project\data\raw\person8\tri_kitajca.wav,"Жили-были три китайца: Як, Як-Цидрак, Як-Цидрак-Цидрак-Цидрони. Жили-были три китайки: Цыпа, Цыпа-Дрипа, Цыпа-Дрипа-Лимпомпони.",Желят были три кто bark. Як. Як. Драг. Як. Драг Это др Буд,29.4935,34.00588029995561,1.1529957549953584,9.001607894897461,0.05555601873177724,0.8095238095238095,0.7474747474747475,0.38461538461538464,0.23809523809523808,0.2941176470588235,0.0,21,13
20260526_205419_merged4,whisper:base,person9__carl,C:\Users\ankap\OneDrive\Desktop\asr_project\data\raw\person9\carl.wav,"Карл у Клары украл кораллы, а Клара у Карла украла кларнет.","Карл уклары украл каралы, а клара укарно украл аккорнет.",5.7335,1.0977828999748453,0.19146819568759837,1.750631332397461,0.496193551116191,0.6363636363636364,0.1276595744680851,0.4444444444444444,0.36363636363636365,0.39999999999999997,0.0,11,9
20260526_205419_merged4,whisper:base,person9__salo,C:\Users\ankap\OneDrive\Desktop\asr_project\data\raw\person9\salo.wav,"Съел Слава сало, да сала Славе мало.",Сел слава солёна сала до сала слави мало.,4.8135,0.9606723999604583,0.199578768039983,1.469869613647461,0.6133268891800641,0.7142857142857143,0.35714285714285715,0.375,0.42857142857142855,0.39999999999999997,0.0,7,8
20260526_205419_merged4,whisper:base,person9__sasha,C:\Users\ankap\OneDrive\Desktop\asr_project\data\raw\person9\sasha.wav,Шла Саша по шоссе и сосала сушку.,Шла саша Пархасей и сосала Сунжку.,3.6935,1.2340601000469178,0.3341167185723346,1.1280250549316406,0.44858978708956104,0.42857142857142855,0.2692307692307692,0.6666666666666666,0.5714285714285714,0.6153846153846153,0.0,7,6
20260526_205419_merged4,whisper:base,person9__shishkosushylnia,C:\Users\ankap\OneDrive\Desktop\asr_project\data\raw\person9\shishkosushylnia.wav,Шишкосушильщик в шишкосушильне шишки сушил.,"Нашишка сушильного вабрику требуется шишка сушильчек для работы на шишка сушильном аппарате. Сишка сушильочек должен иметь опыт distortion на шишка сушка сушильного аппарате с использованиям шишка сушильной технологии. Какеada шишка сушенега качественного шишка слушения. Он также должен отличать аппарат шишка сушения, отнешишка сушения, ремонтировает шишка сушильный аппаратhale, отличает шишке пригодное для шишка сушения одни годных для шишка сушения. Отличает шишки не дошишка сушенные, от перешишка сушеных. За каждую не дошишка сушеного или перешишка сушеного шишку. Шишка сушенщик получит. Шишка сушелкой по голове.",42.6535,27.9066403999459,0.6542637860889704,13.017721176147461,0.41387115696759086,16.2,12.973684210526315,0.012195121951219513,0.2,0.02298850574712644,0.0,5,82
20260526_205419_merged4,whisper:base,person9__tri_kitajca,C:\Users\ankap\OneDrive\Desktop\asr_project\data\raw\person9\tri_kitajca.wav,"Жили-были три китайца: Як, Як-Цидрак, Як-Цидрак-Цидрак-Цидрони. Жили-были три китайки: Цыпа, Цыпа-Дрипа, Цыпа-Дрипа-Лимпомпони.",,30.1335,32.33421710005496,1.0730322431863193,9.196920394897461,,1.0,1.0,0.0,0.0,0.0,0.0,21,0
20260526_205419_merged4,whisper:small,person10__carl,C:\Users\ankap\OneDrive\Desktop\asr_project\data\raw\person10\carl.wav,"Карл у Клары украл кораллы, а Клара у Карла украла кларнет.","Карла у Клары у крал Каралы, а Клара у Карла у крала Карнет. Блэтька, Кларнет.",6.6535,3.822234300081618,0.5744697227146041,2.0313453674316406,0.5860317033328659,0.7272727272727273,0.3404255319148936,0.4666666666666667,0.6363636363636364,0.5384615384615385,0.0,11,15
20260526_205419_merged4,whisper:small,person10__salo,C:\Users\ankap\OneDrive\Desktop\asr_project\data\raw\person10\salo.wav,"Съел Слава сало, да сала Славе мало.","Съел слава салена сала, до сала слави мало.",4.1735,3.608698199968785,0.8646695099961148,1.2745094299316406,0.7355688765641611,0.5714285714285714,0.32142857142857145,0.5,0.5714285714285714,0.5333333333333333,0.0,7,8
20260526_205419_merged4,whisper:small,person10__sasha,C:\Users\ankap\OneDrive\Desktop\asr_project\data\raw\person10\sasha.wav,Шла Саша по шоссе и сосала сушку.,Шла Саша по шоссе и сосала Сушку.,4.2935,3.2616747999563813,0.7596773727626369,1.311178207397461,0.7343794393008569,0.0,0.0,1.0,1.0,1.0,1.0,7,7
20260526_205419_merged4,whisper:small,person10__shishkosushylnia,C:\Users\ankap\OneDrive\Desktop\asr_project\data\raw\person10\shishkosushylnia.wav,Шишкосушильщик в шишкосушильне шишки сушил.,"На Шишкосушельную袂ку нужно приспособляться шиш Islamic Claudia Шишко сушитель сушения Шишка сушения Шиш selfies Я хочуMONizen rasa не благодарна мне в nostalgia. Он luôn будет galax늘. Он не тоReallyum. Хằ, а вот это vaig. Какой у них wires. А, вот этоhong Trade seria. С Wonderful burnapping institutions. Сhern UE и щşежег, 협calmahggia, шишко с шилкой по голове",58.6335,106.61487960000522,1.8183270587634242,17.89443016052246,0.0671524830853177,11.2,6.868421052631579,0.017543859649122806,0.2,0.03225806451612903,0.0,5,57
20260526_205419_merged4,whisper:small,person10__skorogovorun,C:\Users\ankap\OneDrive\Desktop\asr_project\data\raw\person10\skorogovorun.wav,"Скороговорун скороговорил, выскороговаривал, что всех скороговорок не перескороговоришь, не перевыскороговоришь.",Сов breed чтобы всех скоро говорят не перескоро говоришь не перескоро выговариваешь но выскоро говорившись что себя decline перескоро Miller,24.6935,50.4236777999904,2.0419818089776824,7.536764144897461,0.0862967467227568,1.8,0.7171717171717171,0.2,0.4,0.26666666666666666,0.0,10,20
20260526_205419_merged4,whisper:small,person10__tri_kitajca,C:\Users\ankap\OneDrive\Desktop\asr_project\data\raw\person10\tri_kitajca.wav,"Жили-были три китайца: Як, Як-Цидрак, Як-Цидрак-Цидрак-Цидрони. Жили-были три китайки: Цыпа, Цыпа-Дрипа, Цыпа-Дрипа-Лимпомпони.","Жила были три китайцы. Ч and called puppies Sarah. Яг нацепи, яг цедрок нацепи-дрыпи, яг цедрок-цедрок-цедрони, нацепи-дырыпи дрым-помпони. У них родились дети. Уяко с цепой шах. Шах-шарах-шарах-шрони.",41.3535,104.37684160005301,2.524014692832602,12.620992660522461,0.39192639821127817,1.5714285714285714,1.0707070707070707,0.05714285714285714,0.09523809523809523,0.07142857142857142,0.0,21,35
20260526_205419_merged4,whisper:small,person11__carl,C:\Users\ankap\OneDrive\Desktop\asr_project\data\raw\person11\carl.wav,"Карл у Клары украл кораллы, а Клара у Карла украла кларнет.","Карл Уклара украл Каралы, а Карл Уклара украл Кларнет.",4.5135,4.605093099991791,1.020293142792022,1.378316879272461,0.6182485907518773,0.6363636363636364,0.1702127659574468,0.4444444444444444,0.36363636363636365,0.39999999999999997,0.0,11,9
20260526_205419_merged4,whisper:small,person11__salo,C:\Users\ankap\OneDrive\Desktop\asr_project\data\raw\person11\salo.wav,"Съел Слава сало, да сала Славе мало.","Съел слава солено-сало, до сала славе мало.",3.7535,3.6154634000267833,0.9632245637476444,1.146383285522461,0.7424238159699285,0.2857142857142857,0.25,0.75,0.8571428571428571,0.7999999999999999,0.0,7,8
20260526_205419_merged4,whisper:small,person11__sasha,C:\Users\ankap\OneDrive\Desktop\asr_project\data\raw\person11\sasha.wav,Шла Саша по шоссе и сосала сушку.,Шла Саша по шоссе и сняла Сушку.,2.8335,3.819046000018716,1.3478193047533849,0.8656215667724609,0.5387909787716301,0.14285714285714285,0.11538461538461539,0.8571428571428571,0.8571428571428571,0.8571428571428571,0.0,7,7
20260526_205419_merged4,whisper:small,person11__tri_kitajca,C:\Users\ankap\OneDrive\Desktop\asr_project\data\raw\person11\tri_kitajca.wav,"Жили-были три китайца: Як, Як-Цидрак, Як-Цидрак-Цидрак-Цидрони. Жили-были три китайки: Цыпа, Цыпа-Дрипа, Цыпа-Дрипа-Лимпомпони.",Жели были три китайца. Все не перешинились... У них родились дети... Шах-шарах-шарах-шаронний...,27.9535,136.27312969998457,4.874993460567892,8.531637191772461,0.28181427498766026,0.8571428571428571,0.6262626262626263,0.2,0.14285714285714285,0.16666666666666666,0.0,21,15
20260526_205419_merged4,whisper:small,person12__carl,C:\Users\ankap\OneDrive\Desktop\asr_project\data\raw\person12\carl.wav,"Карл у Клары украл кораллы, а Клара у Карла украла кларнет.","Карлук, Ларук, Ралкарал, Лэк, Ларук, Карлук, Ралкарнет.",11.6135,6.848770900047384,0.5897249666377392,3.545064926147461,0.5888549430034263,1.0,0.19148936170212766,0.0,0.0,0.0,0.0,11,7
20260526_205419_merged4,whisper:small,person12__salo,C:\Users\ankap\OneDrive\Desktop\asr_project\data\raw\person12\salo.wav,"Съел Слава сало, да сала Славе мало.","Сил, слава срюнысала, да сала слави мало.",8.0535,3.188247699989006,0.3958834916482282,2.458639144897461,0.48181676648930066,0.42857142857142855,0.32142857142857145,0.5714285714285714,0.5714285714285714,0.5714285714285714,0.0,7,7
20260526_205419_merged4,whisper:small,person12__sasha,C:\Users\ankap\OneDrive\Desktop\asr_project\data\raw\person12\sasha.wav,Шла Саша по шоссе и сосала сушку.,Шла Саша по шассе с осолосушку.,6.9735,2.4521553999511525,0.35163911951690724,2.129049301147461,0.5676101983689192,0.5714285714285714,0.15384615384615385,0.5,0.42857142857142855,0.4615384615384615,0.0,7,6
20260526_205419_merged4,whisper:small,person12__shishkosushylnia,C:\Users\ankap\OneDrive\Desktop\asr_project\data\raw\person12\shishkosushylnia.wav,Шишкосушильщик в шишкосушильне шишки сушил.,Она counters Fort. Скажемlakali. М motivo? Вот.,26.8935,69.18411989999004,2.5725219811474904,8.208150863647461,0.004445982861604803,1.4,1.0,0.0,0.0,0.0,0.0,5,7
20260526_205419_merged4,whisper:small,person12__skorogovorun,C:\Users\ankap\OneDrive\Desktop\asr_project\data\raw\person12\skorogovorun.wav,"Скороговорун скороговорил, выскороговаривал, что всех скороговорок не перескороговоришь, не перевыскороговоришь.","experienце, до beniپging, wonder, acknowledgan �ина или здоров� 1933апр blows",10.2135,31.7534584000241,3.1089693444973907,3.117818832397461,0.0005484596445779788,1.0,0.9191919191919192,0.0,0.0,0.0,0.0,10,10
20260526_205419_merged4,whisper:small,person12__tri_kitajca,C:\Users\ankap\OneDrive\Desktop\asr_project\data\raw\person12\tri_kitajca.wav,"Жили-были три китайца: Як, Як-Цидрак, Як-Цидрак-Цидрак-Цидрони. Жили-были три китайки: Цыпа, Цыпа-Дрипа, Цыпа-Дрипа-Лимпомпони.",жили бы ли три китайца якацы драк suits идра к цедровне жили scene рай казать и gathering цепит по тцип slipping appropriate respects бронет landing перестан Daht 첫 нацепить Èкся драк на principalmente им stamps ещё так что друг все дрон건inder и Пидры Пидрыmem попrisе не хр Wenn здесь у �lla кцыпой шах вы яija дирака с припадрах шампYo шах �рах вы якацедракЭ цедрака дрон if по Aphrodite памбо Democr columns шах школа к Biology гонCongy,19.6935,71.6274856000673,3.6371130372999874,6.010885238647461,0.017827332011582923,3.4761904761904763,2.9696969696969697,0.05263157894736842,0.19047619047619047,0.08247422680412371,0.0,21,76
20260526_205419_merged4,whisper:small,person1__carl,C:\Users\ankap\OneDrive\Desktop\asr_project\data\raw\person1\carl.wav,"Карл у Клары украл кораллы, а Клара у Карла украла кларнет.","Карл уклала рекламу, а Клара украла бюджет.",4.0935,3.6113714000675827,0.8822209356461667,1.250295639038086,0.671741272035427,0.6363636363636364,0.46808510638297873,0.5714285714285714,0.36363636363636365,0.4444444444444444,0.0,11,7
20260526_205419_merged4,whisper:small,person1__salo,C:\Users\ankap\OneDrive\Desktop\asr_project\data\raw\person1\salo.wav,"Съел Слава сало, да сала Славе мало.","Сел флаво салона сало, до сала с лави мало.",2.8335,3.784033800009638,1.3354627845454872,0.8656215667724609,0.5543006304989059,0.8571428571428571,0.35714285714285715,0.3333333333333333,0.42857142857142855,0.375,0.0,7,9
20260526_205419_merged4,whisper:small,person1__sasha,C:\Users\ankap\OneDrive\Desktop\asr_project\data\raw\person1\sasha.wav,Шла Саша по шоссе и сосала сушку.,Medical в forum,2.4935,19.485334599972703,7.814451413664609,0.7618618011474609,0.002035345547911989,1.0,1.0,0.0,0.0,0.0,0.0,7,3
20260526_205419_merged4,whisper:small,person1__shiskosuszylnaja,C:\Users\ankap\OneDrive\Desktop\asr_project\data\raw\person1\shiskosuszylnaja.wav,Шишкосушильщик в шишкосушильне шишки сушил.,"На шишkle сушельную фабрику требуется highs affair для работы на шишко сушельном аппарате. Шишко сушельник должен иметь опыт шишка сушельнее на шишко сушельном аппарате с использованием шишко сушельной технологии качественного ольга сушель beenookson. Он также должен отличать аппарат, шишко сушельнее от ниш от перепилил birthday На каждую недошишку сушеную или перешишку сушеную шишку шискошу сильфик получит сушенку по голове.",37.6135,81.82136389997322,2.175319071609215,11.479635238647461,0.2952295400004587,11.8,8.68421052631579,0.0,0.0,0.0,0.0,5,59
20260526_205419_merged4,whisper:small,person1__skorogovorun,C:\Users\ankap\OneDrive\Desktop\asr_project\data\raw\person1\skorogovorun.wav,"Скороговорун скороговорил, выскороговаривал, что всех скороговорок не перескороговоришь, не перевыскороговоришь.",Скороговоров crow go варил иoko brigade что всех скороговоров не перескороговор glaube здесь не перескор Rica вария и кино с возговоремся можно reprograde важина у데ludeưa scrap ogni сыщborg واверrenal барахidée,14.2535,44.38196120003704,3.113758810119412,4.350728988647461,0.01422664554176197,2.6,1.2323232323232323,0.13333333333333333,0.4,0.2,0.0,10,30
20260526_205419_merged4,whisper:small,person1__tri_kitajca,C:\Users\ankap\OneDrive\Desktop\asr_project\data\raw\person1\tri_kitajca.wav,"Жили-были три китайца: Як, Як-Цидрак, Як-Цидрак-Цидрак-Цидрони. Жили-были три китайки: Цыпа, Цыпа-Дрипа, Цыпа-Дрипа-Лимпомпони.","Жили были три китайцы, я кцедрак, я кцедрак, цедронни, цепо, цепо, цепо, д fellas furtheringudThey're all wedded to the prison and it's a shame",28.1735,81.91054249997251,2.907361261468135,8.598775863647461,0.10917137769762053,1.0952380952380953,0.7777777777777778,0.11538461538461539,0.14285714285714285,0.12765957446808512,0.0,21,26
20260526_205419_merged4,whisper:small,person2__carl,C:\Users\ankap\OneDrive\Desktop\asr_project\data\raw\person2\carl.wav,"Карл у Клары украл кораллы, а Клара у Карла украла кларнет.","Карел Клара украл Карала, а Карел украл Карел нет",3.2535,3.3350115000503138,1.0250534808822234,0.9937953948974609,0.5224791221298047,0.8181818181818182,0.3617021276595745,0.3333333333333333,0.2727272727272727,0.3,0.0,11,9
20260526_205419_merged4,whisper:small,person2__person3,C:\Users\ankap\OneDrive\Desktop\asr_project\data\raw\person2\person3.wav,"Сборная запись: может содержать несколько скороговорок (например, «Карл у Клары…», «Шла Саша…», «Три китайца…»).","Surely АК Need Natasha Acts На шишкосушильном фабрику требуется шишкосушилщик для работы на шишкосушильном аппарате. Шишкосушильщик должен иметь опыт шишкосушения на шишкосушильном аппарате. Из antibody использования шишкосушильной технологии качественного шишкосушения. Так же должен отличаться аппарат шишкосушения от не шишкосушения, от ремонтировки шишкосушильного аппарата. Отличать шишкиook и пригодным для шишкосушения и отnahme smack одного для шишкосуш Abend не сушевurrection ног, а от перешишка сушеных. За каждую недуemo или перешишку сушенoi сишку. Шишка сушилчак получить вшишку сушилкой по голове. reconstruction",83.4135,195.63091790000908,2.3453148219414013,25.45668601989746,0.2504214119462393,5.571428571428571,5.771084337349397,0.0,0.0,0.0,0.0,14,78
20260526_205419_merged4,whisper:small,person2__salo,C:\Users\ankap\OneDrive\Desktop\asr_project\data\raw\person2\salo.wav,"Съел Слава сало, да сала Славе мало.","Сил, слава соленосала, до сала слави мало.",2.9335,3.2273945999331772,1.1001856485199173,0.8961391448974609,0.6505280716711754,0.5714285714285714,0.39285714285714285,0.42857142857142855,0.42857142857142855,0.42857142857142855,0.0,7,7
20260526_205419_merged4,whisper:small,person2__sasha,C:\Users\ankap\OneDrive\Desktop\asr_project\data\raw\person2\sasha.wav,Шла Саша по шоссе и сосала сушку.,"Шла, сажа пешосей, сессала сушку.",2.4735,3.181317999958992,1.2861605012973487,0.7557582855224609,0.5191553619023532,0.7142857142857143,0.23076923076923078,0.4,0.2857142857142857,0.3333333333333333,0.0,7,5
20260526_205419_merged4,whisper:small,person2__shyskosushenieje,C:\Users\ankap\OneDrive\Desktop\asr_project\data\raw\person2\shyskosushenieje.wav,Шишкосушильщик в шишкосушильне шишки сушил.,"На шишificialuty blend fridge требуется шишificialuty для работы в нашишificialuty аппарате. Шишificialuty должен имелось опыть на шишificialuty на colonialism of the solution. В françaisу ты не знаешь, что носит этот aids, но если он в опыте нажимается на именно этой опыте, то потрprene�� модульный опыт. Л objectively, он должен интрижировать к нему на inclined preliminary, чтобы JASON находился в kurtу. Не treesUhAl Lloyd но С%. На шишificialuty он требуется чligt Jud atering, and он долженREAM такимamatить Charlots сегодня и несколько experiencia. На managers affection main agent Kinos 1996 он должен иметь опыту в надerez JESYU, только что он такой приготув c Gonzagadu,suspenseful knowledge, что tapping от перешишка сушеных. За каждую недошишка сушеную или перешишка сушеную шишку шишка сушильщик получает шишка сушилкой по голове.",32.8735,93.34907889994793,2.839645273547019,10.033102035522461,0.09705275129135277,24.6,17.55263157894737,0.008064516129032258,0.2,0.015503875968992248,0.0,5,124
20260526_205419_merged4,whisper:small,person2__skorogovorun,C:\Users\ankap\OneDrive\Desktop\asr_project\data\raw\person2\skorogovorun.wav,"Скороговорун скороговорил, выскороговаривал, что всех скороговорок не перескороговоришь, не перевыскороговоришь.","Скороговорhoon Скороговорил Скороговоговаривал, что всех скороговорок не перискоговоришь не перисковоговариваешь. Фильмстановил hypothesis Скороговорившись, выскороговорил что все скороговорки перискоговоришь даmmm не перисковоговариваешь.",11.4535,46.81063289998565,4.087015576023543,3.496236801147461,0.35026495703776456,1.5,1.2828282828282829,0.2857142857142857,0.6,0.3870967741935483,0.0,10,21
20260526_205419_merged4,whisper:small,person2__tri_kitajca,C:\Users\ankap\OneDrive\Desktop\asr_project\data\raw\person2\tri_kitajca.wav,"Жили-были три китайца: Як, Як-Цидрак, Як-Цидрак-Цидрак-Цидрони. Жили-были три китайки: Цыпа, Цыпа-Дрипа, Цыпа-Дрипа-Лимпомпони.","Жили были три Китайцы Як, Як-Циicing и як-цидрак, як-цидрак, як-цидрак це дрони. Жили были три Китайцыцы-па-цыпа-цыпа-цыпа дрыпа-пампони. Все они пережинили сек на Цыпе, як-цидрак на Цыпе дрыпе, як-цидрак Це драк Це дрони и на Цыпе-трыпе дрым-пампонни, и у них родились дети! У яка сцепляет шах, у яка-цедра ка-сцепляет дрып и шах шарах. У яка-цедра ка-цедра ка-сцедроний сцепляет дрып и дрым помпоний шах шарах шарах шроний.",25.0535,104.97411810001358,4.189998128006609,7.646627426147461,0.4888223573499087,3.2857142857142856,2.3838383838383836,0.18072289156626506,0.7142857142857143,0.2884615384615385,0.0,21,83
20260526_205419_merged4,whisper:small,person3__carl,C:\Users\ankap\OneDrive\Desktop\asr_project\data\raw\person3\carl.wav,"Карл у Клары украл кораллы, а Клара у Карла украла кларнет.","аквара уквара украла кровь, аквара украла кровь над",3.37,3.89107170002535,1.1546206825001037,1.029348373413086,0.5555754081969208,1.0,0.5106382978723404,0.125,0.09090909090909091,0.10526315789473685,0.0,11,8
20260526_205419_merged4,whisper:small,person3__salo,C:\Users\ankap\OneDrive\Desktop\asr_project\data\raw\person3\salo.wav,"Съел Слава сало, да сала Славе мало.","Съел слово Салёна Сава, до сава своя маа.",2.89,3.6856638999888673,1.2753162283698503,0.8828639984130859,0.48978216122110035,1.0,0.5,0.125,0.14285714285714285,0.13333333333333333,0.0,7,8
20260526_205419_merged4,whisper:small,person3__sasha,C:\Users\ankap\OneDrive\Desktop\asr_project\data\raw\person3\sasha.wav,Шла Саша по шоссе и сосала сушку.,"А, Саша, пошел, сс, сс, сушку.",2.22,6.777503699995577,3.052929594592602,0.6783962249755859,0.3754894230824972,0.7142857142857143,0.38461538461538464,0.3333333333333333,0.2857142857142857,0.30769230769230765,0.0,7,6
20260526_205419_merged4,whisper:small,person3__shishkosushylnia.wav,C:\Users\ankap\OneDrive\Desktop\asr_project\data\raw\person3\shishkosushylnia.wav.wav,Шишкосушильщик в шишкосушильне шишки сушил.,"Наша шишко-сушильная фабрика требуется шишко-сушильщика для работы на шишко-сушильном аппарате. Шишко-сушильщик должна имеет опыт шишко-сушundai на шишко-сушильном аппарате, с использойом шишко-сушильной technологии качественного шишко-сушabilirного аппарата. Это также должен отличаться от ремонтированника шишко-сушильного аппарата от за каждое недо шишко сушеное или перешишко сушеное, шишко сушельщик получит шишко сушилкой по голове.",34.26,74.17566179996356,2.1650806129586564,10.456228256225586,0.469017832567332,11.6,8.894736842105264,0.0,0.0,0.0,0.0,5,58
20260526_205419_merged4,whisper:small,person3__skorogovorun,C:\Users\ankap\OneDrive\Desktop\asr_project\data\raw\person3\skorogovorun.wav,"Скороговорун скороговорил, выскороговаривал, что всех скороговорок не перескороговоришь, не перевыскороговоришь.",Скоргоא� fuzzy Скорго Jersey Скор​​го ​выговорила. link в описании,15.07,44.16398399998434,2.930589515592856,4.599905014038086,0.023414329663699055,1.0,0.7171717171717171,0.0,0.0,0.0,0.0,10,10
20260526_205419_merged4,whisper:small,person3__tri_kitajca,C:\Users\ankap\OneDrive\Desktop\asr_project\data\raw\person3\tri_kitajca.wav,"Жили-были три китайца: Як, Як-Цидрак, Як-Цидрак-Цидрак-Цидрони. Жили-были три китайки: Цыпа, Цыпа-Дрипа, Цыпа-Дрипа-Лимпомпони.",Todos это был гип WOW çalış salvation,21.94,86.47818020009436,3.94157612580193,6.696462631225586,0.0022996747979991093,1.0,0.9292929292929293,0.0,0.0,0.0,0.0,21,7
20260526_205419_merged4,whisper:small,person4__carl,C:\Users\ankap\OneDrive\Desktop\asr_project\data\raw\person4\carl.wav,"Карл у Клары украл кораллы, а Клара у Карла украла кларнет.","Карл Уклары, крол Коралы, аклара у Карла Уклары Кларнет",4.3735,3.7404534999514,0.8552540299420144,1.335592269897461,0.5796679911184546,0.6363636363636364,0.1276595744680851,0.4444444444444444,0.36363636363636365,0.39999999999999997,0.0,11,9
20260526_205419_merged4,whisper:small,person4__salo,C:\Users\ankap\OneDrive\Desktop\asr_project\data\raw\person4\salo.wav,"Съел Слава сало, да сала Славе мало.","Съел слабо с оленосолом, до сала слабее мало.",1.9535,3.652688800008036,1.8698176606132768,0.5970668792724609,0.5847309972293254,0.7142857142857143,0.4642857142857143,0.375,0.42857142857142855,0.39999999999999997,0.0,7,8
20260526_205419_merged4,whisper:small,person4__sasha,C:\Users\ankap\OneDrive\Desktop\asr_project\data\raw\person4\sasha.wav,Шла Саша по шоссе и сосала сушку.,Шла наша пошасе и сала сушку.,2.4735,3.122486700071022,1.26237586418881,0.7557582855224609,0.5753927505547661,0.5714285714285714,0.19230769230769232,0.5,0.42857142857142855,0.4615384615384615,0.0,7,6
20260526_205419_merged4,whisper:small,person4__shishkosushylnia,C:\Users\ankap\OneDrive\Desktop\asr_project\data\raw\person4\shishkosushylnia.wav,Шишкосушильщик в шишкосушильне шишки сушил.,"На Шишко-сушילному фабрику требуется ошишко-сушильщик для работы на Шишко-сушильном аппарате. Шишко-сушильщик должен иметь опыт ошишко-суш стене На шишко-сушильном аппарате его использовать с техноологией, качественному. Шишко сушенье оно также должен отличать аппарат Шишко сушенье от нешишко сушенира, роистировать шишко-сушильный аппарат отличить шишки enjoy для Шишка сушенира, от негодных для Шишко сушенира, отличают шишки недошишко сушеные от перешишко сушенных. За каждую недошишко сушеную или перешишко сушеную шишку шишко сушильщик получит шишко сушилкой по голове.",38.8135,86.62790439999662,2.2319013848273572,11.845846176147461,0.4445932196147899,15.6,11.868421052631579,0.012658227848101266,0.2,0.023809523809523808,0.0,5,79
20260526_205419_merged4,whisper:small,person4__skorogovorun,C:\Users\ankap\OneDrive\Desktop\asr_project\data\raw\person4\skorogovorun.wav,"Скороговорун скороговорил, выскороговаривал, что всех скороговорок не перескороговоришь, не перевыскороговоришь.",Скоро говорил. Скоро говорил. Скоро выговаривал. Что всех скороговорок не Absure wont nay Pers Starric Coast не перескоро выговариваешь Но за скоро говорившись Вы скоро говорил Что все скороговорки перескоро говоришь Да не перескоро выговариваешь,14.3735,42.58252249995712,2.9625715726828625,4.387350082397461,0.22202273563882244,3.0,1.202020202020202,0.14285714285714285,0.5,0.22222222222222224,0.0,10,35
20260526_205419_merged4,whisper:small,person4__tri_kitajca,C:\Users\ankap\OneDrive\Desktop\asr_project\data\raw\person4\tri_kitajca.wav,"Жили-были три китайца: Як, Як-Цидрак, Як-Цидрак-Цидрак-Цидрони. Жили-были три китайки: Цыпа, Цыпа-Дрипа, Цыпа-Дрипа-Лимпомпони.","Жили были три китофера Як, як-цедра, ик-цедра, ик-цедра кцедронии Жили были три китайцы Цыпа-цыпа, дрыпа-цыпа, дрыпа дрым пампони Все они приженились Як на цепи, як-Цедра, кно цыпей, дрыпе Як-Цедра, кно ц ju Sounds hear townsound На цепи, дрыпп по дрым пампони И у них родились дети У Яка с цыпой шах, у Яка цедрака с цыпой Дрыпei, шах шарах У Яка цедра, ко цедрака цедронии с сыпой, дрипой, дримпомпони, шаг шарах, шарах с широй ни.",23.4535,81.11233289993834,3.4584319142106015,7.158346176147461,0.30778208217549125,3.380952380952381,2.505050505050505,0.14634146341463414,0.5714285714285714,0.23300970873786406,0.0,21,82
20260526_205419_merged4,whisper:small,person5__carl,C:\Users\ankap\OneDrive\Desktop\asr_project\data\raw\person5\carl.wav,"Карл у Клары украл кораллы, а Клара у Карла украла кларнет.","Карл у Клары украл каралы, а Клара у Карла украла кларнет.",5.6735,3.650331999990158,0.6434003701401529,1.732320785522461,0.7445999915173719,0.09090909090909091,0.0425531914893617,0.9090909090909091,0.9090909090909091,0.9090909090909091,0.0,11,11
20260526_205419_merged4,whisper:small,person5__salo,C:\Users\ankap\OneDrive\Desktop\asr_project\data\raw\person5\salo.wav,"Съел Слава сало, да сала Славе мало.","Съел слава салено сало, да сало славе мало.",3.5535,3.3247241000644863,0.9356195582002212,1.085348129272461,0.689013447839062,0.2857142857142857,0.25,0.75,0.8571428571428571,0.7999999999999999,0.0,7,8
20260526_205419_merged4,whisper:small,person5__sasha,C:\Users\ankap\OneDrive\Desktop\asr_project\data\raw\person5\sasha.wav,Шла Саша по шоссе и сосала сушку.,Шла Саша по шоссе и села сушку.,3.6335,3.2518066000193357,0.8949515893819556,1.109762191772461,0.6025130239326005,0.14285714285714285,0.11538461538461539,0.8571428571428571,0.8571428571428571,0.8571428571428571,0.0,7,7
20260526_205419_merged4,whisper:small,person5__shishkosushylnia,C:\Users\ankap\OneDrive\Desktop\asr_project\data\raw\person5\shishkosushylnia.wav,Шишкосушильщик в шишкосушильне шишки сушил.,"На шишко-сушильную фабрику требуется шишко-сушильщик для работы на шишко-сушильном аппарате. Шишко-сушильщик должен иметь опыт шишко-сушения на шишко-сушильном аппарате с использованием шишко-сушильной технологии качественного шишко-сушения. Он также должен отличать аппарат шишко-сушения от нешишко-сушения. Ремонтировать шишко-сушильный аппарат отличать шишки при ​​​бàcies для шишко-сушения от не пригодных для шишко ciekам. Отличать шишки недо шишко-сушены и перишишко-сушены — будем здесь. за каждую недошишко-сушеную или перешишко-сушеную шишку, шишко-сушильщик получишь шишко-сушилкой по голове.",37.0735,82.26968539995141,2.2190968049941713,11.314840316772461,0.5826729297756561,16.6,12.342105263157896,0.011904761904761904,0.2,0.02247191011235955,0.0,5,84
20260526_205419_merged4,whisper:small,person5__skorogovorun,C:\Users\ankap\OneDrive\Desktop\asr_project\data\raw\person5\skorogovorun.wav,"Скороговорун скороговорил, выскороговаривал, что всех скороговорок не перескороговоришь, не перевыскороговоришь.","Скороговорун, скороговорил, скороговаривал, что все скороговорочкиstep ИИ23, не перевискоговариваешь. Но заскоговарившись, выскороговорил, что все скороговоркир ESS English, не перевискоговариваешь.",11.8935,39.92339439992793,3.3567406062074183,3.630514144897461,0.28526948935185653,1.4,0.8585858585858586,0.2631578947368421,0.5,0.3448275862068966,0.0,10,19
20260526_205419_merged4,whisper:small,person5__tri_kitajca,C:\Users\ankap\OneDrive\Desktop\asr_project\data\raw\person5\tri_kitajca.wav,"Жили-были три китайца: Як, Як-Цидрак, Як-Цидрак-Цидрак-Цидрони. Жили-были три китайки: Цыпа, Цыпа-Дрипа, Цыпа-Дрипа-Лимпомпони.","Жели были три китайца якцедракз LMD, якцедракзptedrongare. Жели были три китайца немедленноabanccopo150лрpxv. Всяestionini peuagerssh 그냥 нацеп teste L będą делали две вал hiện Royal TClass. Есть лап ogniому запись шашарах,ントгребывающей п анзар Heavenly��пиА boxesbug. ЭOH chaos lackede3rpo у них возникает лаповизмenschaft. ЛА oni в Глинкарече году начинали китает О Йеанда Огpsе. Так começou с Плеером. Само ре cannultime. Поссорист cient�를 мгитлежный рон",22.1735,84.74134860001504,3.8217398516253653,6.767721176147461,0.008667035527253097,2.9523809523809526,3.202020202020202,0.07692307692307693,0.23809523809523808,0.11627906976744187,0.0,21,65
20260526_205419_merged4,whisper:small,person6__shishkosushylnia,C:\Users\ankap\OneDrive\Desktop\asr_project\data\raw\person6\shishkosushylnia.wav,Шишкосушильщик в шишкосушильне шишки сушил.,"На шишко-сушильном фабрику требуется шишко-сушильщик для работы. На шишко-сушильном аппарате шишко-сушильщик должен иметь опыт шишко-сушени. На шишко-сушильном аппарате с использованием шишко-сушильной технологии качественного шишко-сушения. Также должен отличать аппарат шишко-сушени, от нешишко-сушени, ремонтировать шишко-сушильный аппарат для чашек прик liability-шишко-сушени, отьмкодныхMother rural, отличatures не дошишко-сушены, от перешишко-сушенок accessed не дошишко-сушhta. или перешишка сушеного шишку, шишка сушельчик получить, шишка сушилкой по голове.",31.0135,88.65823149995413,2.8586980347253332,9.465475082397461,0.5020050275039036,15.0,11.657894736842104,0.0,0.0,0.0,0.0,5,75
20260526_205419_merged4,whisper:small,person7__carl,C:\Users\ankap\OneDrive\Desktop\asr_project\data\raw\person7\carl.wav,"Карл у Клары украл кораллы, а Клара у Карла украла кларнет.","Карл укларил кралы, а Карл украрил кларнет.",3.1735,3.6457660000305623,1.1488155033970575,0.9693813323974609,0.5046030658391454,0.7272727272727273,0.3191489361702128,0.42857142857142855,0.2727272727272727,0.33333333333333326,0.0,11,7
20260526_205419_merged4,whisper:small,person7__salo,C:\Users\ankap\OneDrive\Desktop\asr_project\data\raw\person7\salo.wav,"Съел Слава сало, да сала Славе мало.","Сел слава соли на сало, до сало слави в малу.",2.8535,3.6162084999959916,1.267288768178024,0.8717250823974609,0.6730786195235119,1.1428571428571428,0.42857142857142855,0.2,0.2857142857142857,0.23529411764705882,0.0,7,10
20260526_205419_merged4,whisper:small,person7__sasha,C:\Users\ankap\OneDrive\Desktop\asr_project\data\raw\person7\sasha.wav,Шла Саша по шоссе и сосала сушку.,Шла наша пашта сей и сессала сушку.,2.2335,3.0927032999461517,1.3846891873499674,0.6825160980224609,0.4501468196148581,0.5714285714285714,0.2692307692307692,0.42857142857142855,0.42857142857142855,0.42857142857142855,0.0,7,7
20260526_205419_merged4,whisper:small,person7__shishkosushylnia,C:\Users\ankap\OneDrive\Desktop\asr_project\data\raw\person7\shishkosushylnia.wav,Шишкосушильщик в шишкосушильне шишки сушил.,"на шишко-сушельную фабрику, HOAS очень хорошо работаетruk. experiencing Ремонтировать шишка сушилинаบарада отличается от шишки пригодны для шишка сушения, от негодов для шишка сушения. Отличать шишки не до шишка сушенные, вот перишишка сушенных, за каждую не до шишку сушен этот шишку получит шишка сушилкой по голове.",33.5935,94.14295000000857,2.8024156458841314,10.252828598022461,0.2510706680762173,9.0,6.052631578947368,0.021739130434782608,0.2,0.0392156862745098,0.0,5,46
20260526_205419_merged4,whisper:small,person7__tri_kitajca,C:\Users\ankap\OneDrive\Desktop\asr_project\data\raw\person7\tri_kitajca.wav,"Жили-были три китайца: Як, Як-Цидрак, Як-Цидрак-Цидрак-Цидрони. Жили-были три китайки: Цыпа, Цыпа-Дрипа, Цыпа-Дрипа-Лимпомпони.","жили были три китайцы як25, як25 Koreaு ял receptive jej 색�ы linen и такой Ринь уних magazine всегда тогда правили знаете к hilson",20.5935,75.45394460007083,3.6639689513715896,6.285543441772461,0.017314745945349916,1.0,0.7676767676767676,0.125,0.14285714285714285,0.13333333333333333,0.0,21,24
20260526_205419_merged4,whisper:small,person8__carl,C:\Users\ankap\OneDrive\Desktop\asr_project\data\raw\person8\carl.wav,"Карл у Клары украл кораллы, а Клара у Карла украла кларнет.","Карл у Клары украл кораллы, а Клара у Карла украла кларнет.",3.9135,3.5933355999877676,0.9181897534145311,1.195211410522461,0.7764217339114247,0.0,0.0,1.0,1.0,1.0,1.0,11,11
20260526_205419_merged4,whisper:small,person8__salo,C:\Users\ankap\OneDrive\Desktop\asr_project\data\raw\person8\salo.wav,"Съел Слава сало, да сала Славе мало.","Съел слава соленая сала, до сала слави мало.",3.2535,3.4185184999369085,1.0507203011946853,0.9937953948974609,0.7602774718350747,0.5714285714285714,0.35714285714285715,0.5,0.5714285714285714,0.5333333333333333,0.0,7,8
20260526_205419_merged4,whisper:small,person8__sasha,C:\Users\ankap\OneDrive\Desktop\asr_project\data\raw\person8\sasha.wav,Шла Саша по шоссе и сосала сушку.,Шла Саша по шоссе и сосала Сушку.,3.1135,3.079564700019546,0.9891005941928844,0.9510707855224609,0.7253646075280118,0.0,0.0,1.0,1.0,1.0,1.0,7,7
20260526_205419_merged4,whisper:small,person8__shishkosushylnia,C:\Users\ankap\OneDrive\Desktop\asr_project\data\raw\person8\shishkosushylnia.wav,Шишкосушильщик в шишкосушильне шишки сушил.,"Матухиле peainin Ну, в contagии Wherever exactly, на heutепреселение постеть findings показалось, что deeds like data point сейчас время подчинение This is going This one We're going Ok thanks for � Fourier No worries Tell us You've gone ... ... ... ... ... ... ... ... ... ... ... ... сушеную или перешишку, шишку сушельщик получит шишка сушилкой по голове.",35.5735,83.04410920001101,2.3344374098700156,10.857076644897461,0.0617078078290273,9.6,5.973684210526316,0.02040816326530612,0.2,0.03703703703703703,0.0,5,49
20260526_205419_merged4,whisper:small,person8__tri_kitajca,C:\Users\ankap\OneDrive\Desktop\asr_project\data\raw\person8\tri_kitajca.wav,"Жили-были три китайца: Як, Як-Цидрак, Як-Цидрак-Цидрак-Цидрони. Жили-были три китайки: Цыпа, Цыпа-Дрипа, Цыпа-Дрипа-Лимпомпони.","Жиль были три китайца, Я-к-якцедрамк, Я-кцедрамк, Цейдрони. Жиль были три Китайки. Ципа, Ципа, picked都 дрыпет, дрыпوبампоне. Все они переженились, як на цепи, як Цидрак на ципе дрипе. Як Цедрак, Цедрак, Цедрони. На ципе др... Пе... дрымп handed И у них родились дети. У Я-ка Степе шах В Я-ка Цедрака с Ципой Дрепой шах Шраш. У Я-ка Цедра-ко Цедра-ко Цедроне С Ципой Дрыпой дрымпомпоне шах Шарах Шарах Шерони.",29.4935,85.75155839999206,2.907473117805349,9.001607894897461,0.2832832284590243,3.238095238095238,2.313131313131313,0.13333333333333333,0.47619047619047616,0.20833333333333334,0.0,21,75
20260526_205419_merged4,whisper:small,person9__carl,C:\Users\ankap\OneDrive\Desktop\asr_project\data\raw\person9\carl.wav,"Карл у Клары украл кораллы, а Клара у Карла украла кларнет.","Карл у Клары украл кораллы, а Клара у Карла украла кларнет.",5.7335,4.176202100003138,0.7283861690072623,1.750631332397461,0.6847784553191872,0.0,0.0,1.0,1.0,1.0,1.0,11,11
20260526_205419_merged4,whisper:small,person9__salo,C:\Users\ankap\OneDrive\Desktop\asr_project\data\raw\person9\salo.wav,"Съел Слава сало, да сала Славе мало.","Съел слава соленого сала, до сала слави мало.",4.8135,3.6022932999767363,0.7483729718451722,1.469869613647461,0.6755779691507862,0.5714285714285714,0.39285714285714285,0.5,0.5714285714285714,0.5333333333333333,0.0,7,8
20260526_205419_merged4,whisper:small,person9__sasha,C:\Users\ankap\OneDrive\Desktop\asr_project\data\raw\person9\sasha.wav,Шла Саша по шоссе и сосала сушку.,Шла Саша по шоссе и сосала сушку.,3.6935,3.1337907999986783,0.848461026126622,1.128072738647461,0.6158034675748922,0.0,0.0,1.0,1.0,1.0,1.0,7,7
20260526_205419_merged4,whisper:small,person9__shishkosushylnia,C:\Users\ankap\OneDrive\Desktop\asr_project\data\raw\person9\shishkosushylnia.wav,Шишкосушильщик в шишкосушильне шишки сушил.,"На шишкосушильную фабрику требуется шишкосушильщик для работы шишкосушильным аппаратом. Шишкосушильщик им должен иметь опыт шишкосушения на шишкосушильном аппарате с использованием шишкосушильной технологии качественного шишкосушения. Он также должен отличать аппарат шишкосушения от не шишкосушения. Ремонтировает шишкосушильный аппарат, отличает шишки Пригодные шишка сушения от негодных для шишка сушения, отличают шишки не до шишка сушенной. От перешишка сушенных за каждую недо-шишка сушеную или перешишка сушеную шишку шишка сушильщик получит шишка сушилкой по голове.",42.6535,102.72630850004498,2.4083910699015316,13.017721176147461,0.7264751117243344,13.8,12.078947368421053,0.028169014084507043,0.4,0.05263157894736842,0.0,5,71
20260526_205419_merged4,whisper:small,person9__tri_kitajca,C:\Users\ankap\OneDrive\Desktop\asr_project\data\raw\person9\tri_kitajca.wav,"Жили-были три китайца: Як, Як-Цидрак, Як-Цидрак-Цидрак-Цидрони. Жили-были три китайки: Цыпа, Цыпа-Дрипа, Цыпа-Дрипа-Лимпомпони.","Жили были три китаицы. Цъпо, Цъподрыво, Цъподрыво, дым по пони. Все они пережинились. На Цыпи дрipples,� pilherp. На Цыпи дрippy дрgets pamphona. И у них р Dhete. У Яко אבל с Цыпей шах, У Яко indentivyо с Цыпой дрыпой шах шарах, У Яко pressuredы сыграть. по пони шаг шарах шарах шроне",30.1335,73.17331049998756,2.428304395439878,9.196920394897461,0.15352806112487422,2.2857142857142856,1.6868686868686869,0.058823529411764705,0.14285714285714285,0.08333333333333333,0.0,21,51
20260526_205419_merged4,whisper:tiny,person10__carl,C:\Users\ankap\OneDrive\Desktop\asr_project\data\raw\person10\carl.wav,"Карл у Клары украл кораллы, а Клара у Карла украла кларнет.","кармyeah, укралорая, крала проведя Блитка, кларнет.",6.6535,13.477271100040525,2.02559120764117,2.031393051147461,0.20160299955193295,0.9090909090909091,0.5106382978723404,0.16666666666666666,0.09090909090909091,0.11764705882352942,0.0,11,6
20260526_205419_merged4,whisper:tiny,person10__salo,C:\Users\ankap\OneDrive\Desktop\asr_project\data\raw\person10\salo.wav,"Съел Слава сало, да сала Славе мало.","Сел слава солена сала, до сала славе мало.",4.1735,0.7926254000049084,0.18991862944888188,1.2744970321655273,0.582766852897723,0.5714285714285714,0.32142857142857145,0.5,0.5714285714285714,0.5333333333333333,0.0,7,8
20260526_205419_merged4,whisper:tiny,person10__sasha,C:\Users\ankap\OneDrive\Desktop\asr_project\data\raw\person10\sasha.wav,Шла Саша по шоссе и сосала сушку.,"Шла саше, по шассе и со сау сушку.",4.2935,0.5956138999899849,0.13872456037964015,1.311178207397461,0.42233178546566497,0.5714285714285714,0.15384615384615385,0.5,0.5714285714285714,0.5333333333333333,0.0,7,8
20260526_205419_merged4,whisper:tiny,person10__shishkosushylnia,C:\Users\ankap\OneDrive\Desktop\asr_project\data\raw\person10\shishkosushylnia.wav,Шишкосушильщик в шишкосушильне шишки сушил.,"на шишка-то сушильным виб hallsом. Насшinaire сушильным созданием body-in- enorme припл specifications Он так уж должен ведьチャить аппарат, вышешко-слушения, нешешко-слушения. Ремонтировать шешко-слушительный аппарат. Отличливощательный шешки. При годы дляшешко-слушения. Отнигородная из шешко-слушения отличательних шешки. Недашешко-сушене, отперио, шешко-слушеных. Закажу, что меда нешешко-сушенна или перешешко-сушенную. Шишку, шишку, су, щельщик, получит шишку, су, шелкой поголами.",58.6335,74.18058380007278,1.26515701433605,17.89443016052246,0.2410817496695509,12.4,9.631578947368421,0.0,0.0,0.0,0.0,5,62
20260526_205419_merged4,whisper:tiny,person10__skorogovorun,C:\Users\ankap\OneDrive\Desktop\asr_project\data\raw\person10\skorogovorun.wav,"Скороговорун скороговорил, выскороговаривал, что всех скороговорок не перескороговоришь, не перевыскороговоришь.","с-карговорил с корову Гавари Nim, а перескарговор dengan Ров两лève и перескара Thoruv – Ро выговариваешь, но за скрыгавы рившись. Выскорог говорил, что все скрыговорки. Перескороговоришь, да не перескорог, выговариваешь.",24.6935,25.649215399986133,1.0387031162041076,7.536764144897461,0.4251840670703174,2.7,1.0404040404040404,0.10344827586206896,0.3,0.15384615384615385,0.0,10,29
20260526_205419_merged4,whisper:tiny,person10__tri_kitajca,C:\Users\ankap\OneDrive\Desktop\asr_project\data\raw\person10\tri_kitajca.wav,"Жили-были три китайца: Як, Як-Цидрак, Як-Цидрак-Цидрак-Цидрони. Жили-были три китайки: Цыпа, Цыпа-Дрипа, Цыпа-Дрипа-Лимпомпони.","Жели были три китайцы, як, як-цадрок, я к к к с adрак садрок, к к садроней. Жели были три китайки. Цепо, цепо дрипа, цепо дрипа, дрimpа, пани – все они пережинились. Як на цыпе, як к к садрок, на цыпе друби, я к к садрок, к к садроней на цыпе дрипе, дрimpам пани. У них разделать, у них родили с детями. У яка с цепой шахр, у яка с драка с цепой дрипой шахшерах. У яка с драка с драка с дрони. С цепой дрипой дрем помпони. Шахшерахшерахшерони.",41.3535,25.33706299995538,0.6126945240416259,12.620992660522461,0.4997872168279758,3.761904761904762,2.494949494949495,0.11363636363636363,0.47619047619047616,0.18348623853211007,0.0,21,88
20260526_205419_merged4,whisper:tiny,person11__carl,C:\Users\ankap\OneDrive\Desktop\asr_project\data\raw\person11\carl.wav,"Карл у Клары украл кораллы, а Клара у Карла украла кларнет.","Каролу кладо-каралы, каралу каралу каралок кладняк.",4.5135,0.6686073000309989,0.14813499502182317,1.378316879272461,0.397004144304741,1.0,0.425531914893617,0.0,0.0,0.0,0.0,11,7
20260526_205419_merged4,whisper:tiny,person11__salo,C:\Users\ankap\OneDrive\Desktop\asr_project\data\raw\person11\salo.wav,"Съел Слава сало, да сала Славе мало.","Сел слава саленасала, десала славе мала.",3.7535,0.6133760999655351,0.16341443984695223,1.146383285522461,0.48220215488852475,0.7142857142857143,0.35714285714285715,0.3333333333333333,0.2857142857142857,0.30769230769230765,0.0,7,6
20260526_205419_merged4,whisper:tiny,person11__sasha,C:\Users\ankap\OneDrive\Desktop\asr_project\data\raw\person11\sasha.wav,Шла Саша по шоссе и сосала сушку.,"Шла саша, пошла с сейс со салосушкой.",2.8335,0.6292782999807969,0.22208515968971126,0.8656215667724609,0.41951801855956944,0.7142857142857143,0.2692307692307692,0.2857142857142857,0.2857142857142857,0.2857142857142857,0.0,7,7
20260526_205419_merged4,whisper:tiny,person11__tri_kitajca,C:\Users\ankap\OneDrive\Desktop\asr_project\data\raw\person11\tri_kitajca.wav,"Жили-были три китайца: Як, Як-Цидрак, Як-Цидрак-Цидрак-Цидрони. Жили-были три китайки: Цыпа, Цыпа-Дрипа, Цыпа-Дрипа-Лимпомпони.","Жели были три китайца, 약цы драксiser, Бракса драксендвони, жели были три китайки, ЦЗ подр petit, пары под drip, Xbox Series CIi, sy rover, камер Louka",27.9535,30.975445899995975,1.1081061727510322,8.531591415405273,0.040583666288489285,1.0476190476190477,0.6363636363636364,0.24,0.2857142857142857,0.2608695652173913,0.0,21,25
20260526_205419_merged4,whisper:tiny,person12__carl,C:\Users\ankap\OneDrive\Desktop\asr_project\data\raw\person12\carl.wav,"Карл у Клары украл кораллы, а Клара у Карла украла кларнет.",Карилу клару кралак ὜ жар rointon,11.6135,23.93311639991589,2.060801343257062,3.5450191497802734,0.030106689518083773,1.0,0.6382978723404256,0.0,0.0,0.0,0.0,11,5
20260526_205419_merged4,whisper:tiny,person12__salo,C:\Users\ankap\OneDrive\Desktop\asr_project\data\raw\person12\salo.wav,"Съел Слава сало, да сала Славе мало.","Сел слава с раносел, десалась лавимала, десалась лавимала, десалась лавимала.",8.0535,1.1036377999698743,0.13703828148877809,2.4585914611816406,0.5615386601180339,1.2857142857142858,1.4285714285714286,0.1,0.14285714285714285,0.11764705882352941,0.0,7,10
20260526_205419_merged4,whisper:tiny,person12__sasha,C:\Users\ankap\OneDrive\Desktop\asr_project\data\raw\person12\sasha.wav,Шла Саша по шоссе и сосала сушку.,С tallосoaSuscioususure,6.9735,119.06478600006085,17.073892019797928,2.129049301147461,0.004283133878720279,1.0,0.9230769230769231,0.0,0.0,0.0,0.0,7,2
20260526_205419_merged4,whisper:tiny,person12__shishkosushylnia,C:\Users\ankap\OneDrive\Desktop\asr_project\data\raw\person12\shishkosushylnia.wav,Шишкосушильщик в шишкосушильне шишки сушил.,"А, teknешественным проверим, она 되게 мало сошел, и его didn't wipe out. irgendwie в своих и затем ни смеша Nummer reconstитеplease<|haw|>. Не наши все хорошо, друзья, так что, что подansing umasernapse не напишите, потому что этой mismos социно на моих machtахов поднимет���UE есть буде не Chairman, как и пок Diseaseża, такой такой сэрфный, делаем flaming шефный или кофе.",26.8935,153.82615800003987,5.719826649563644,8.208150863647461,0.005081317526494988,12.0,7.131578947368421,0.01639344262295082,0.2,0.030303030303030307,0.0,5,61
20260526_205419_merged4,whisper:tiny,person12__skorogovorun,C:\Users\ankap\OneDrive\Desktop\asr_project\data\raw\person12\skorogovorun.wav,"Скороговорун скороговорил, выскороговаривал, что всех скороговорок не перескороговоришь, не перевыскороговоришь.","Скоро говором. Скоро говором, что всё с<|ru|>кольства будет получается, сделать свои въцвет с why the world does not look short and we tried to finish or not ask your father to clap and dream a character in the來到 2011. Они такす, что всё всё равно provedeger.",10.2135,78.17697599995881,7.654278748710904,3.117818832397461,0.01824127496076762,4.7,1.6565656565656566,0.020833333333333332,0.1,0.034482758620689655,0.0,10,48
20260526_205419_merged4,whisper:tiny,person12__tri_kitajca,C:\Users\ankap\OneDrive\Desktop\asr_project\data\raw\person12\tri_kitajca.wav,"Жили-были три китайца: Як, Як-Цидрак, Як-Цидрак-Цидрак-Цидрони. Жили-были три китайки: Цыпа, Цыпа-Дрипа, Цыпа-Дрипа-Лимпомпони.","Жили были трядяни, я costs 2이즈보다 автора. Дароновые싸 skin. Цепы отправятся подкрепо д messyнов 그런데 Captain produce�. Ты от sortsaksаrod bona. Ты рад! Я отżyря備ory. Субтитров Zylocksева.",19.6935,43.44915690005291,2.20626891614253,6.010885238647461,0.006444117255481572,1.1904761904761905,1.2222222222222223,0.07407407407407407,0.09523809523809523,0.08333333333333333,0.0,21,27
20260526_205419_merged4,whisper:tiny,person1__carl,C:\Users\ankap\OneDrive\Desktop\asr_project\data\raw\person1\carl.wav,"Карл у Клары украл кораллы, а Клара у Карла украла кларнет.","Карл уклара украл рекламу, а кладал карл украла бюджет.",4.0935,7.8994053999194875,1.9297435934822251,61.24904441833496,0.5292339727834434,0.6363636363636364,0.3404255319148936,0.4444444444444444,0.36363636363636365,0.39999999999999997,0.0,11,9
20260526_205419_merged4,whisper:tiny,person1__salo,C:\Users\ankap\OneDrive\Desktop\asr_project\data\raw\person1\salo.wav,"Съел Слава сало, да сала Славе мало.",DIY ф joint教оба,2.8335,3.225216399994679,1.1382447150148858,0.8656368255615234,0.0031300408552055346,1.0,0.9285714285714286,0.0,0.0,0.0,0.0,7,3
20260526_205419_merged4,whisper:tiny,person1__sasha,C:\Users\ankap\OneDrive\Desktop\asr_project\data\raw\person1\sasha.wav,Шла Саша по шоссе и сосала сушку.,волоса под cere שא�иться с ушку,2.4935,4.542356199934147,1.8216788449705823,0.7618141174316406,0.021004786116293753,1.0,0.6538461538461539,0.0,0.0,0.0,0.0,7,7
20260526_205419_merged4,whisper:tiny,person1__shiskosuszylnaja,C:\Users\ankap\OneDrive\Desktop\asr_project\data\raw\person1\shiskosuszylnaja.wav,Шишкосушильщик в шишкосушильне шишки сушил.,"Она всюński слишкомickt, когда работа мышкой очень цир pobl applости. пригоднее для шишка шушения. Это негодную для шишка шушения. Отличие шишки не дышишь кассушеные. От перешишка с сушеных. На каждую не дышишь кассушеные. Перешишка сушеная шишку. Шишка шушу сельфик. Получится шашу сушенкой по голове.",37.6135,31.021393900038674,0.824740954711438,11.479635238647461,0.5300351577045542,8.6,5.7105263157894735,0.022727272727272728,0.2,0.04081632653061225,0.0,5,44
20260526_205419_merged4,whisper:tiny,person1__skorogovorun,C:\Users\ankap\OneDrive\Desktop\asr_project\data\raw\person1\skorogovorun.wav,"Скороговорун скороговорил, выскороговаривал, что всех скороговорок не перескороговоришь, не перевыскороговоришь.","Скорроговал Diamond Brave Carvavivawa, что fioch",14.2535,11.733347999979742,0.8231906549254387,4.350728988647461,0.016918156837366416,1.0,0.8787878787878788,0.16666666666666666,0.1,0.125,0.0,10,6
20260526_205419_merged4,whisper:tiny,person1__tri_kitajca,C:\Users\ankap\OneDrive\Desktop\asr_project\data\raw\person1\tri_kitajca.wav,"Жили-были три китайца: Як, Як-Цидрак, Як-Цидрак-Цидрак-Цидрони. Жили-были три китайки: Цыпа, Цыпа-Дрипа, Цыпа-Дрипа-Лимпомпони.",Ещё был и toolkit. Я не колieleсть от Substитации.��들ы призны. Яlahi taItsはは straI Betterasha. ЯIEI threads Dadouci чер solei те qtIeh и hoard traI valzuriai. Я leavi Android11NET shooters. Я lyAI SL notedapai I on timeSendry.,28.1735,17.76123970001936,0.6304236143900956,8.598775863647461,0.004713003493856859,1.7619047619047619,1.7171717171717171,0.0,0.0,0.0,0.0,21,37
20260526_205419_merged4,whisper:tiny,person2__carl,C:\Users\ankap\OneDrive\Desktop\asr_project\data\raw\person2\carl.wav,"Карл у Клары украл кораллы, а Клара у Карла украла кларнет.","Карв zwrакарала, keeper of vocal call 2008-19",3.2535,17.201627400005236,5.2871146150315775,0.9937953948974609,0.011721333608316137,1.0,0.7872340425531915,0.0,0.0,0.0,0.0,11,8
20260526_205419_merged4,whisper:tiny,person2__person3,C:\Users\ankap\OneDrive\Desktop\asr_project\data\raw\person2\person3.wav,"Сборная запись: может содержать несколько скороговорок (например, «Карл у Клары…», «Шла Саша…», «Три китайца…»).","А, сача, по шассе, со ensemble, сушку. Карл, в курак! А, в карулаку? Жали, были трекетаться, что я все выбирал. Все они пережили, как над этим USC рак字.úcar, мов, мов, мов<|eu|> аж. от Личальчишки, пригодны для шашка сушения, от негодных бляжа сушения, от Личальчишки, от Сушины, от пересешка сушинки, за каждой недошечка сушеной или пересешка сушеной сушкой, сушкой сушкой поучит сушкой по голове. Сьёс, саласы Леносова, до сала с воема, с карговарунскер, Говодилл, с карговаривал, что всех с карговарок не перескор говоришь, не перескоровы говорилось, но за сковы говорившись, выскоговорив, что все с карговарки говоришь, да не перескоровы говорив, и выскогай, хуй, таблес.",83.4135,58.37839219998568,0.6998674339283891,25.45668601989746,0.3193635951880111,7.428571428571429,5.614457831325301,0.009523809523809525,0.07142857142857142,0.016806722689075633,0.0,14,105
20260526_205419_merged4,whisper:tiny,person2__salo,C:\Users\ankap\OneDrive\Desktop\asr_project\data\raw\person2\salo.wav,"Съел Слава сало, да сала Славе мало.",Сел слава соленосала до сала славе мало.,2.9335,0.7487226999364793,0.2552318731673698,0.8961391448974609,0.5100890814602467,0.42857142857142855,0.32142857142857145,0.5714285714285714,0.5714285714285714,0.5714285714285714,0.0,7,7
20260526_205419_merged4,whisper:tiny,person2__sasha,C:\Users\ankap\OneDrive\Desktop\asr_project\data\raw\person2\sasha.wav,Шла Саша по шоссе и сосала сушку.,Шла са же пешеса и засала сушку.,2.4735,0.5465684999944642,0.22096967859084868,0.7557582855224609,0.4026417285597675,0.5714285714285714,0.3076923076923077,0.42857142857142855,0.42857142857142855,0.42857142857142855,0.0,7,7
20260526_205419_merged4,whisper:tiny,person2__shyskosushenieje,C:\Users\ankap\OneDrive\Desktop\asr_project\data\raw\person2\shyskosushenieje.wav,Шишкосушильщик в шишкосушильне шишки сушил.,"今天的 Poll Зерденин, который был разрешит признанный шишки, пригодные для шишка сушени от негодных для шишка сушени. Отличат шишки не даши шка сушины, от перешишка сушени к закажу, до не даши шка сушины или перешишка сушени сишку. Шишка сушеничик получат шка сушелкой по голове.",32.8735,27.29699979990255,0.8303648774819399,10.03305435180664,0.47848133093550904,8.6,5.078947368421052,0.022727272727272728,0.2,0.04081632653061225,0.0,5,44
20260526_205419_merged4,whisper:tiny,person2__skorogovorun,C:\Users\ankap\OneDrive\Desktop\asr_project\data\raw\person2\skorogovorun.wav,"Скороговорун скороговорил, выскороговаривал, что всех скороговорок не перескороговоришь, не перевыскороговоришь.",БерANKРAr consciousith humming,11.4535,11.518624700023793,1.0056860086457233,3.496236801147461,0.0008872393511461948,1.0,0.9696969696969697,0.0,0.0,0.0,0.0,10,3
20260526_205419_merged4,whisper:tiny,person2__tri_kitajca,C:\Users\ankap\OneDrive\Desktop\asr_project\data\raw\person2\tri_kitajca.wav,"Жили-были три китайца: Як, Як-Цидрак, Як-Цидрак-Цидрак-Цидрони. Жили-были три китайки: Цыпа, Цыпа-Дрипа, Цыпа-Дрипа-Лимпомпони.",Жили были煮етари果да. П nåк mein астрелу у нее шла бармублая черırdы В Cell Port kilometres на dimensionsted 일반 гранди stalьдяцы дрымги Несёстя,25.0535,40.80094680003822,1.6285527690757067,7.646627426147461,0.008226723663502973,1.0,1.0101010101010102,0.045454545454545456,0.047619047619047616,0.046511627906976744,0.0,21,22
20260526_205419_merged4,whisper:tiny,person3__carl,C:\Users\ankap\OneDrive\Desktop\asr_project\data\raw\person3\carl.wav,"Карл у Клары украл кораллы, а Клара у Карла украла кларнет.",le Netherlands,3.37,13.795967299956828,4.093758842717159,1.0293006896972656,0.011883860244516835,1.0,1.0,0.0,0.0,0.0,0.0,11,2
20260526_205419_merged4,whisper:tiny,person3__salo,C:\Users\ankap\OneDrive\Desktop\asr_project\data\raw\person3\salo.wav,"Съел Слава сало, да сала Славе мало.",Сьёсого селёну сава до сава с воема.,2.89,0.5966082999948412,0.20643885812970283,0.8828163146972656,0.42110492415689615,1.0,0.6428571428571429,0.0,0.0,0.0,0.0,7,7
20260526_205419_merged4,whisper:tiny,person3__sasha,C:\Users\ankap\OneDrive\Desktop\asr_project\data\raw\person3\sasha.wav,Шла Саша по шоссе и сосала сушку.,"И пришел на случай подставку, на dairyland, falsch, но края года так же на февериum,",2.22,20.84751510003116,9.390772567581603,0.6783962249755859,0.008222712941257138,2.142857142857143,2.1153846153846154,0.06666666666666667,0.14285714285714285,0.09090909090909091,0.0,7,15
20260526_205419_merged4,whisper:tiny,person3__shishkosushylnia.wav,C:\Users\ankap\OneDrive\Desktop\asr_project\data\raw\person3\shishkosushylnia.wav.wav,Шишкосушильщик в шишкосушильне шишки сушил.,"Сушка сушек поучит, сушка сушек по голове.",34.26,17.400660500046797,0.5079001897269936,10.456228256225586,0.4198454941782127,1.4,0.7368421052631579,0.0,0.0,0.0,0.0,5,7
20260526_205419_merged4,whisper:tiny,person3__skorogovorun,C:\Users\ankap\OneDrive\Desktop\asr_project\data\raw\person3\skorogovorun.wav,"Скороговорун скороговорил, выскороговаривал, что всех скороговорок не перескороговоришь, не перевыскороговоришь.","Скарговорун terroresinал勵 leader мажаг урод struggling weed, Anklesianing и Аргавай Шассноса, он monocked more than the Ir��andırк road, и и и и и и и и и и и и покаworm не такesar не bleibt . Я tournament все просто���Frank не неgedонал. Я сегодня встретила ей толькоlaus как раз, на которые присел mixed перед этим говорит оvoirей Arms и будут показаться к Inc代ции с Адварей и Марии Кирлёны ficar зах blenderем делать обреви и murmurfen по double",15.07,13.869121700059623,0.9203133178539895,4.599905014038086,0.005507712946182558,7.6,3.121212121212121,0.02564102564102564,0.2,0.045454545454545456,0.0,10,78
20260526_205419_merged4,whisper:tiny,person3__tri_kitajca,C:\Users\ankap\OneDrive\Desktop\asr_project\data\raw\person3\tri_kitajca.wav,"Жили-были три китайца: Як, Як-Цидрак, Як-Цидрак-Цидрак-Цидрони. Жили-были три китайки: Цыпа, Цыпа-Дрипа, Цыпа-Дрипа-Лимпомпони.","Жили будет трек Vousанти��之後, какся vem clouds幕 не отправится AKC PCP 3-П 3P 3P 4, Wng peaceful, П4 Rx4 rx4 rx5 rx4 woliran esp4 rx4 rx4 rx4 rx5 rx5 rx4 rx että",21.94,42.69519339990802,1.9459978760213317,6.696462631225586,0.03993196767569092,1.5714285714285714,1.101010101010101,0.029411764705882353,0.047619047619047616,0.036363636363636355,0.0,21,34
20260526_205419_merged4,whisper:tiny,person4__carl,C:\Users\ankap\OneDrive\Desktop\asr_project\data\raw\person4\carl.wav,"Карл у Клары украл кораллы, а Клара у Карла украла кларнет.","Корол укладр, крол корол и окладр укладр украла кларный.",4.3735,0.5462165999924764,0.12489232879672492,1.335592269897461,0.447769563742263,0.9090909090909091,0.3829787234042553,0.1111111111111111,0.09090909090909091,0.09999999999999999,0.0,11,9
20260526_205419_merged4,whisper:tiny,person4__salo,C:\Users\ankap\OneDrive\Desktop\asr_project\data\raw\person4\salo.wav,"Съел Слава сало, да сала Славе мало.",Д ARE SKY Damit detonator,1.9535,3.771306300070137,1.9305381623087468,0.5970668792724609,0.003934675503723603,1.0,1.0,0.0,0.0,0.0,0.0,7,5
20260526_205419_merged4,whisper:tiny,person4__sasha,C:\Users\ankap\OneDrive\Desktop\asr_project\data\raw\person4\sasha.wav,Шла Саша по шоссе и сосала сушку.,Шла саша пуша сэй и со сушку.,2.4735,0.5270657000364736,0.213084980811188,0.7557582855224609,0.47352421880241397,0.42857142857142855,0.3076923076923077,0.5714285714285714,0.5714285714285714,0.5714285714285714,0.0,7,7
20260526_205419_merged4,whisper:tiny,person4__shishkosushylnia,C:\Users\ankap\OneDrive\Desktop\asr_project\data\raw\person4\shishkosushylnia.wav,Шишкосушильщик в шишкосушильне шишки сушил.,"Не дышишь, кажется, уж он или перышишь, кажется, уж онную шишку. Шишка сушилищик получит. Шишка сушилкой. Поглавяем.",38.8135,19.016109699965455,0.4899354528698895,11.845846176147461,0.47124367147226176,3.4,1.6578947368421053,0.0,0.0,0.0,0.0,5,17
20260526_205419_merged4,whisper:tiny,person4__skorogovorun,C:\Users\ankap\OneDrive\Desktop\asr_project\data\raw\person4\skorogovorun.wav,"Скороговорун скороговорил, выскороговаривал, что всех скороговорок не перескороговоришь, не перевыскороговоришь.","Скорого ромборилов и не пересговариваешь. Но за Скорого говоришь, вы Скорого говорили, что все Скорого ромборилов и не пересговариваешь.",14.3735,13.059646799927577,0.9085919782883485,4.387350082397461,0.4088150688674409,1.7,0.6464646464646465,0.15789473684210525,0.3,0.20689655172413793,0.0,10,19
20260526_205419_merged4,whisper:tiny,person4__tri_kitajca,C:\Users\ankap\OneDrive\Desktop\asr_project\data\raw\person4\tri_kitajca.wav,"Жили-были три китайца: Як, Як-Цидрак, Як-Цидрак-Цидрак-Цидрони. Жили-были три китайки: Цыпа, Цыпа-Дрипа, Цыпа-Дрипа-Лимпомпони.","Жили были 3 Кица, як я кцыдра, якцыдра кцыдра кцыдра кцыдра кцыдра ониじили, были 3 Кица ticketции пальцы odds fe подарупа спод рыпа д qualité Все они переж CPU из якnoc CMI кцыдра кцыдра кцыдра кцыдра кцыдра кцыдронин спидрак свод畑 с цепидрим по пророчам и в них родились дети.ARM если recorded segundos с дираком ток suis causa пицыера кен руку ل Picciцыzentрони",23.4535,26.45014660002198,1.1277696974874531,7.158346176147461,0.05361601731642623,2.8095238095238093,2.282828282828283,0.06349206349206349,0.19047619047619047,0.09523809523809523,0.0,21,63
20260526_205419_merged4,whisper:tiny,person5__carl,C:\Users\ankap\OneDrive\Desktop\asr_project\data\raw\person5\carl.wav,"Карл у Клары украл кораллы, а Клара у Карла украла кларнет.","Карел укладывал кралка ралы, а кралокарна украла калернет.",5.6735,0.7071125999791548,0.12463428218545074,1.7322254180908203,0.4008551635538797,0.8181818181818182,0.2978723404255319,0.25,0.18181818181818182,0.2105263157894737,0.0,11,8
20260526_205419_merged4,whisper:tiny,person5__salo,C:\Users\ankap\OneDrive\Desktop\asr_project\data\raw\person5\salo.wav,"Съел Слава сало, да сала Славе мало.","Съел слава сулену салу, до сала с лавималу.",3.5535,0.6556969999801368,0.1845214577121533,1.085348129272461,0.4956124678916449,0.7142857142857143,0.35714285714285715,0.375,0.42857142857142855,0.39999999999999997,0.0,7,8
20260526_205419_merged4,whisper:tiny,person5__sasha,C:\Users\ankap\OneDrive\Desktop\asr_project\data\raw\person5\sasha.wav,Шла Саша по шоссе и сосала сушку.,Шла саша пошлася и социала сушку.,3.6335,0.5073036999674514,0.13961846703383826,1.109762191772461,0.4733950241957837,0.42857142857142855,0.19230769230769232,0.6666666666666666,0.5714285714285714,0.6153846153846153,0.0,7,6
20260526_205419_merged4,whisper:tiny,person5__shishkosushylnia,C:\Users\ankap\OneDrive\Desktop\asr_project\data\raw\person5\shishkosushylnia.wav,Шишкосушильщик в шишкосушильне шишки сушил.,"Наша шишка сушения фабрика требуется с utility для работы. Сушения сушения с matcha, используют скорость шишка, стрелать высушения, для высушения прыг線яTER. для шишка сушени, от неопрегонных, для шишки. А для шишки не дешишь косушены, от перейшешь косушеных. За каждую не дешишь косушенную или перейшешь косушенную шишку. Шишка сушельщик, получаешь шишка сушелкой по голове.",37.0735,21.400590799981728,0.5772476512868148,11.314840316772461,0.38156186055225755,10.4,7.184210526315789,0.018867924528301886,0.2,0.034482758620689655,0.0,5,53
20260526_205419_merged4,whisper:tiny,person5__skorogovorun,C:\Users\ankap\OneDrive\Desktop\asr_project\data\raw\person5\skorogovorun.wav,"Скороговорун скороговорил, выскороговаривал, что всех скороговорок не перескороговоришь, не перевыскороговоришь.","Скоро Говорон, скоро говорил, в Говори, что все, скоро Говорок не перестковариваешь. Но, за как говорившись, выскор говорил, что все, в скор Говорке, пересткововоришь, да, не перестковариваешь.",11.8935,8.909455300075933,0.7491028965465114,3.630514144897461,0.4053669046299194,2.4,0.8181818181818182,0.1111111111111111,0.3,0.16216216216216217,0.0,10,27
20260526_205419_merged4,whisper:tiny,person5__tri_kitajca,C:\Users\ankap\OneDrive\Desktop\asr_project\data\raw\person5\tri_kitajca.wav,"Жили-были три китайца: Як, Як-Цидрак, Як-Цидрак-Цидрак-Цидрони. Жили-были три китайки: Цыпа, Цыпа-Дрипа, Цыпа-Дрипа-Лимпомпони.","Жели были тряки emission, как как-то судрать дроник. Жели были тряки emissions по 3 на 2 esp, вот тут хорошо.",22.1735,25.132977200089954,1.1334691050167973,6.767721176147461,0.04242204077775965,0.9523809523809523,0.6262626262626263,0.09523809523809523,0.09523809523809523,0.09523809523809523,0.0,21,21
20260526_205419_merged4,whisper:tiny,person6__shishkosushylnia,C:\Users\ankap\OneDrive\Desktop\asr_project\data\raw\person6\shishkosushylnia.wav,Шишкосушильщик в шишкосушильне шишки сушил.,represented by x2,31.0135,30.194313100073487,0.9735861189505695,9.465475082397461,0.02147875686100061,1.0,1.0,0.0,0.0,0.0,0.0,5,3
20260526_205419_merged4,whisper:tiny,person7__carl,C:\Users\ankap\OneDrive\Desktop\asr_project\data\raw\person7\carl.wav,"Карл у Клары украл кораллы, а Клара у Карла украла кларнет.","Карл уклары украл каралл, аклары украла к лранит.",3.1735,0.8482801999198273,0.2673011501244138,0.9693813323974609,0.4099040661732262,0.8181818181818182,0.2553191489361702,0.375,0.2727272727272727,0.3157894736842105,0.0,11,8
20260526_205419_merged4,whisper:tiny,person7__salo,C:\Users\ankap\OneDrive\Desktop\asr_project\data\raw\person7\salo.wav,"Съел Слава сало, да сала Славе мало.","Всё, слава сurity насого songs live malo.",2.8535,4.129226899938658,1.447074434883006,0.8717250823974609,0.06615976640680088,0.8571428571428571,0.8928571428571429,0.14285714285714285,0.14285714285714285,0.14285714285714285,0.0,7,7
20260526_205419_merged4,whisper:tiny,person7__sasha,C:\Users\ankap\OneDrive\Desktop\asr_project\data\raw\person7\sasha.wav,Шла Саша по шоссе и сосала сушку.,Желадство простицей и социал сушку.,2.2335,2.2408254999900237,1.0032798298589765,0.6825160980224609,0.3719094294960418,0.7142857142857143,0.5769230769230769,0.4,0.2857142857142857,0.3333333333333333,0.0,7,5
20260526_205419_merged4,whisper:tiny,person7__shishkosushylnia,C:\Users\ankap\OneDrive\Desktop\asr_project\data\raw\person7\shishkosushylnia.wav,Шишкосушильщик в шишкосушильне шишки сушил.,Решку&сешка Ça goes searching.,33.5935,24.21543219999876,0.7208368345066385,10.252828598022461,0.014626134139984955,1.0,0.868421052631579,0.0,0.0,0.0,0.0,5,5
20260526_205419_merged4,whisper:tiny,person7__tri_kitajca,C:\Users\ankap\OneDrive\Desktop\asr_project\data\raw\person7\tri_kitajca.wav,"Жили-были три китайца: Як, Як-Цидрак, Як-Цидрак-Цидрак-Цидрони. Жили-были три китайки: Цыпа, Цыпа-Дрипа, Цыпа-Дрипа-Лимпомпони.","Жили были три китайца. Я к cud Fordstrac自 Sí Trungديли играли, которые прыжали в境о. И все ом Straw joining cards по другое گ comunidad. Вы 얘기аете, у мне might notago anywhere. До away maintenance о efficiently он раканская раше,nine zero comes in between the cards with the hind США",20.5935,24.04671959998086,1.1676849297099017,6.285543441772461,0.010085590263190303,2.1904761904761907,1.9090909090909092,0.08,0.19047619047619047,0.11267605633802817,0.0,21,50
20260526_205419_merged4,whisper:tiny,person8__carl,C:\Users\ankap\OneDrive\Desktop\asr_project\data\raw\person8\carl.wav,"Карл у Клары украл кораллы, а Клара у Карла украла кларнет.","Карл уклары украла каралы, а карлала украла кладнет.",3.9135,0.6408846999984235,0.1637625399254947,1.195211410522461,0.4631351325971019,0.7272727272727273,0.19148936170212766,0.375,0.2727272727272727,0.3157894736842105,0.0,11,8
20260526_205419_merged4,whisper:tiny,person8__salo,C:\Users\ankap\OneDrive\Desktop\asr_project\data\raw\person8\salo.wav,"Съел Слава сало, да сала Славе мало.",Сдел с лава с оленная сала до сала с лаве мало.,3.2535,0.5616662999382243,0.17263448591923292,0.9937477111816406,0.462720008445586,1.2857142857142858,0.39285714285714285,0.18181818181818182,0.2857142857142857,0.2222222222222222,0.0,7,11
20260526_205419_merged4,whisper:tiny,person8__sasha,C:\Users\ankap\OneDrive\Desktop\asr_project\data\raw\person8\sasha.wav,Шла Саша по шоссе и сосала сушку.,"Жла саша, пошла с им и сосала сушку.",3.1135,0.5278279000194743,0.16952879396803414,0.9510707855224609,0.44786503053515764,0.5714285714285714,0.19230769230769232,0.5,0.5714285714285714,0.5333333333333333,0.0,7,8
20260526_205419_merged4,whisper:tiny,person8__shishkosushylnia,C:\Users\ankap\OneDrive\Desktop\asr_project\data\raw\person8\shishkosushylnia.wav,Шишкосушильщик в шишкосушильне шишки сушил.,"нашеше Veno Fabrico требуется. В Lol chicken is important Найсар asarnish пригодная для шашка сушения, от непрегодных для шашка сушения. Отличать шашки не до шашки, коослушанных, от перейшешь косушанных, закажду не до шашка сушанного, или перейшешь косушанного, зашешешешку, шашка сушели сикполути, шашка сушелкой по голове.",35.5735,49.774398599984124,1.3991988024789273,10.857076644897461,0.3767304566547642,8.8,6.2105263157894735,0.022222222222222223,0.2,0.039999999999999994,0.0,5,45
20260526_205419_merged4,whisper:tiny,person8__tri_kitajca,C:\Users\ankap\OneDrive\Desktop\asr_project\data\raw\person8\tri_kitajca.wav,"Жили-были три китайца: Як, Як-Цидрак, Як-Цидрак-Цидрак-Цидрони. Жили-были три китайки: Цыпа, Цыпа-Дрипа, Цыпа-Дрипа-Лимпомпони.","Я этого bisa быть,גiledρώ вполне! Это жили были триггетаются! Екциан дракци дракци дракци дракци дракци дракци драки! Жили были триггетιάкие! CIPEOцы,падвипаци под дры под дрым,помпоня. Вся не пережинились,як на цепи якцы дракции дракци дракци дрони на цIPEOцы дракцетров Дрым,пiamo! И у них родились дети,каст с ZIP learnt,каст с цIP driпай шагшрах У Якцы дракца дракаци дрони с цIP�間 дрыпый дрым YOUR Дрем бомпонии, шахшарах, шарах, шеронии.",29.4935,30.37429790000897,1.0298641361658998,9.001607894897461,0.14465352415408952,3.3333333333333335,2.797979797979798,0.06756756756756757,0.23809523809523808,0.10526315789473684,0.0,21,74
20260526_205419_merged4,whisper:tiny,person9__carl,C:\Users\ankap\OneDrive\Desktop\asr_project\data\raw\person9\carl.wav,"Карл у Клары украл кораллы, а Клара у Карла украла кларнет.","Карл уклары украл каралы, а карлар укарлы украл кладнет.",5.7335,0.7795556000201032,0.1359650475311944,1.7505836486816406,0.4087321277104357,0.7272727272727273,0.1702127659574468,0.3333333333333333,0.2727272727272727,0.3,0.0,11,9
20260526_205419_merged4,whisper:tiny,person9__salo,C:\Users\ankap\OneDrive\Desktop\asr_project\data\raw\person9\salo.wav,"Съел Слава сало, да сала Славе мало.","Сел слава селонасала, до селы славе мало.",4.8135,1.1783960000611842,0.24481063676351597,1.469869613647461,0.4453171729303048,0.5714285714285714,0.32142857142857145,0.42857142857142855,0.42857142857142855,0.42857142857142855,0.0,7,7
20260526_205419_merged4,whisper:tiny,person9__sasha,C:\Users\ankap\OneDrive\Desktop\asr_project\data\raw\person9\sasha.wav,Шла Саша по шоссе и сосала сушку.,Шла саша Паша Сей и Сасала Сунжку.,3.6935,0.7348151999758556,0.19894820630184262,1.128072738647461,0.4476414409630577,0.5714285714285714,0.2692307692307692,0.42857142857142855,0.42857142857142855,0.42857142857142855,0.0,7,7
20260526_205419_merged4,whisper:tiny,person9__shishkosushylnia,C:\Users\ankap\OneDrive\Desktop\asr_project\data\raw\person9\shishkosushylnia.wav,Шишкосушильщик в шишкосушильне шишки сушил.,"Сушина в обрекlage требуется шишка сушилишади для раблагues estáжьи arrested. Шишка сушилищик兄 даже от подшешька сушение на шишка сушинном аппарате из пользования сишка сушели на эти технологии качественного шишка сушение. Он также должна длечать аппарат сшишка сушения от Нешишка сушение, Ремонтировать шиска сушигный аппарат, отличает шишки, пригодные для шишка сушжения, одни годных для шишка сушения. Отличает шишки не дошишка сушигные, отпере шишка сушены, за каждой не дошишка суш armor илипере шишка сушжа на шишку, шишка сушильник получит шишка сушилкой по голоде.",42.6535,151.52341150003485,3.552426213558907,13.017721176147461,0.2979811238702944,15.8,11.710526315789474,0.024691358024691357,0.4,0.046511627906976744,0.0,5,81
20260526_205419_merged4,whisper:tiny,person9__tri_kitajca,C:\Users\ankap\OneDrive\Desktop\asr_project\data\raw\person9\tri_kitajca.wav,"Жили-были три китайца: Як, Як-Цидрак, Як-Цидрак-Цидрак-Цидрони. Жили-были три китайки: Цыпа, Цыпа-Дрипа, Цыпа-Дрипа-Лимпомпони.","Жели были тряки тайца. Я к Ц underscore, як Ц дракц и дракц и дракц и дракц и дракц и дракц и дракц и дракц И драк Helen. Были тряки тийткице сыпан, цыподы Падрипа иity – Цыпаны. Все они переженились, як на цыпе, achieved перед겠어요. Я у них родилось в детянке эти деревека «Ча дракfordene» Эрипы. У Dazu с диаплями дягю и Мон陳. Уяко сорвали Тный requirements題. У budsок унивали дракды по undo��로 Пчика», нужно их Bohsein. У якоо сurasаете потому, что и еще не вниз. Сидрония с цепой дрыпой дрым попонней шахшарах шарах шарони.",30.1335,30.72564279998187,1.0196506479493543,9.196920394897461,0.07903309823162172,4.380952380952381,3.2222222222222223,0.042105263157894736,0.19047619047619047,0.06896551724137931,0.0,21,95
